x1,y1,x2,y2,x3,y3,x4,y4,x5,y5,x6,y6,x7,y7,x8,y8,x9,y9,x10,y10,x11,y11,x12,y12,x13,y13,x14,y14,x15,y15,x16,y16,x17,y17,x18,y18,x19,y19,x20,y20,x21,y21
0.3364093005657196,0.8800941705703735,0.3829972445964813,0.8578661680221558,0.42508548498153687,0.7826111912727356,0.42237308621406555,0.6963940858840942,0.38607731461524963,0.6550601720809937,0.4169257879257202,0.6276888251304626,0.43191492557525635,0.5098851323127747,0.4383215308189392,0.4253517985343933,0.4412213861942291,0.360219806432724,0.3761773705482483,0.6234492659568787,0.372646689414978,0.5516571998596191,0.36220306158065796,0.6510634422302246,0.36305564641952515,0.7138040065765381,0.3389921188354492,0.6361685991287231,0.32847949862480164,0.5974617004394531,0.3307212293148041,0.684766411781311,0.33725088834762573,0.7325650453567505,0.30211156606674194,0.6611472964286804,0.2955045998096466,0.6227856278419495,0.30356132984161377,0.6850964426994324,0.3126398026943207,0.7216318845748901
0.35059037804603577,0.8469288945198059,0.3966721296310425,0.8276325464248657,0.4395875632762909,0.7590091824531555,0.43758952617645264,0.6765441298484802,0.4056227505207062,0.6362879872322083,0.43274402618408203,0.6159407496452332,0.4475729167461395,0.5004273653030396,0.45341384410858154,0.4229760766029358,0.45583677291870117,0.3619927763938904,0.3944516181945801,0.6106287837028503,0.39288121461868286,0.5406862497329712,0.38155385851860046,0.6344408988952637,0.3819507956504822,0.6916840672492981,0.3593063950538635,0.6194137930870056,0.3506622314453125,0.5774452686309814,0.351225882768631,0.662523090839386,0.3574780821800232,0.7076769471168518,0.3240014612674713,0.6404621601104736,0.31875890493392944,0.6008168458938599,0.32509467005729675,0.6596266031265259,0.33256369829177856,0.6943343877792358
0.36758092045783997,0.8207798004150391,0.41055354475975037,0.811292290687561,0.45136740803718567,0.7462019920349121,0.4565359652042389,0.663913905620575,0.4259139895439148,0.6190111637115479,0.44759461283683777,0.6133345365524292,0.4646359086036682,0.5065339207649231,0.47235193848609924,0.4309415817260742,0.47536683082580566,0.3723070025444031,0.4115685522556305,0.6032028198242188,0.41139528155326843,0.5318964123725891,0.40008434653282166,0.6174309253692627,0.3990226686000824,0.6706231832504272,0.37807610630989075,0.60780268907547,0.3736610412597656,0.5631138682365417,0.3720480501651764,0.6419638991355896,0.37386706471443176,0.6864679455757141,0.34345537424087524,0.6242414116859436,0.34229397773742676,0.5828776955604553,0.34617674350738525,0.6378710865974426,0.34999847412109375,0.6724682450294495
0.3700924813747406,0.8224079012870789,0.41551095247268677,0.8071267008781433,0.45540928840637207,0.7412397265434265,0.4596852958202362,0.6595878601074219,0.4303745627403259,0.6161383986473083,0.45161545276641846,0.6099162101745605,0.46796509623527527,0.5035233497619629,0.4753146767616272,0.42931148409843445,0.4776823818683624,0.3717060387134552,0.4159451127052307,0.6019956469535828,0.4151865541934967,0.5303564071655273,0.40347984433174133,0.6167896389961243,0.40235480666160583,0.6709378361701965,0.38231009244918823,0.6069499254226685,0.37674570083618164,0.5629991888999939,0.3749561309814453,0.6429817080497742,0.37753114104270935,0.6853067278862,0.3478982448577881,0.6240993738174438,0.3450198769569397,0.5826910138130188,0.3497225344181061,0.6374117136001587,0.3545432984828949,0.6706739664077759
0.35282182693481445,0.8450538516044617,0.3970901072025299,0.8269621729850769,0.4412962794303894,0.7567020654678345,0.4412868916988373,0.672262966632843,0.4091428518295288,0.6304505467414856,0.4354501962661743,0.6109008193016052,0.45057743787765503,0.4996368885040283,0.45675718784332275,0.42104431986808777,0.45971956849098206,0.3605524003505707,0.3971814811229706,0.605571448802948,0.3967113792896271,0.5358781218528748,0.38542595505714417,0.6308372020721436,0.3859787583351135,0.6876617670059204,0.36225470900535583,0.6146198511123657,0.3545137047767639,0.575474202632904,0.3544781804084778,0.6605436205863953,0.3603229224681854,0.7044532299041748,0.32708969712257385,0.6350666284561157,0.3234480023384094,0.5958022475242615,0.3289819359779358,0.6559662818908691,0.33566078543663025,0.6907302141189575
0.33867740631103516,0.8674042820930481,0.3848018944263458,0.847370445728302,0.4251888394355774,0.779248058795929,0.4258032441139221,0.6949859261512756,0.39254188537597656,0.6484991312026978,0.4190680682659149,0.6225389242172241,0.4344578981399536,0.5046858191490173,0.44041019678115845,0.4216727912425995,0.44321855902671814,0.3597591817378998,0.37848061323165894,0.6188176870346069,0.3766862452030182,0.5469413995742798,0.364784836769104,0.6469435691833496,0.3656110167503357,0.7068758010864258,0.3418813943862915,0.6310307383537292,0.3329138159751892,0.5943443775177002,0.33413606882095337,0.6820197105407715,0.34087640047073364,0.7287619113922119,0.3061625361442566,0.6554675698280334,0.2994575500488281,0.6188250184059143,0.3076707422733307,0.6804434657096863,0.3172001540660858,0.7159262895584106
0.3751206696033478,0.8270773887634277,0.42101719975471497,0.8063287138938904,0.461984246969223,0.7422173619270325,0.46689727902412415,0.6585728526115417,0.4352923035621643,0.6163378953933716,0.4577762186527252,0.6136380434036255,0.4746722877025604,0.5081688165664673,0.4820863902568817,0.4357147514820099,0.48456379771232605,0.3781335651874542,0.4220156967639923,0.6056995987892151,0.4234256148338318,0.5322869420051575,0.413400262594223,0.6170788407325745,0.4119221866130829,0.6696690320968628,0.3888421952724457,0.6103528141975403,0.3847092092037201,0.5615729689598083,0.38495782017707825,0.6415317058563232,0.3868146538734436,0.6865346431732178,0.3553389012813568,0.6275986433029175,0.3536137044429779,0.5829446315765381,0.3593384325504303,0.6370100975036621,0.3628629148006439,0.6725430488586426
0.35879239439964294,0.8354900479316711,0.40421929955482483,0.8175206780433655,0.445295125246048,0.7520504593849182,0.44687002897262573,0.6678992509841919,0.41639140248298645,0.6253734827041626,0.4407651722431183,0.6146816611289978,0.4565885365009308,0.5024445056915283,0.4634625315666199,0.4256981909275055,0.4658525884151459,0.36565080285072327,0.40343761444091797,0.6066887378692627,0.403044730424881,0.5346951484680176,0.3911844789981842,0.6254490613937378,0.390649676322937,0.6810674071311951,0.36911049485206604,0.6128554940223694,0.3631243407726288,0.5675957798957825,0.3619595766067505,0.6505352258682251,0.36542055010795593,0.6959103345870972,0.3340061902999878,0.6324648261070251,0.330708771944046,0.5908797979354858,0.3362548351287842,0.6484938263893127,0.34203919768333435,0.6842870712280273
0.3554685115814209,0.840033233165741,0.400866836309433,0.8247331380844116,0.44414013624191284,0.7550250291824341,0.445987343788147,0.6706514954566956,0.4138161242008209,0.6295652389526367,0.4385082423686981,0.6148669123649597,0.4531082212924957,0.5038844347000122,0.4589334726333618,0.4266892373561859,0.46239036321640015,0.3654445707798004,0.4009113609790802,0.607143759727478,0.40104174613952637,0.534892201423645,0.38839051127433777,0.6216841340065002,0.3859459161758423,0.6832953691482544,0.36555567383766174,0.615097165107727,0.35930538177490234,0.5693923234939575,0.3574522137641907,0.6492517590522766,0.3607471287250519,0.6999441981315613,0.33028891682624817,0.6344032883644104,0.32693761587142944,0.593347430229187,0.33148303627967834,0.6493760347366333,0.33749231696128845,0.6873002648353577
0.3714919686317444,0.8237476944923401,0.41744616627693176,0.8050987720489502,0.45801687240600586,0.7424102425575256,0.4620514512062073,0.6584304571151733,0.431740403175354,0.6162874698638916,0.4539361000061035,0.6118881702423096,0.47132471203804016,0.5059641003608704,0.4789300858974457,0.43340688943862915,0.4813191592693329,0.37626075744628906,0.4189130365848541,0.6034538149833679,0.41919249296188354,0.5334884524345398,0.40731099247932434,0.6227988004684448,0.40662577748298645,0.6739634275436401,0.38598838448524475,0.6069557666778564,0.3813151717185974,0.5606061816215515,0.3798972964286804,0.6428272128105164,0.3829449713230133,0.6841667294502258,0.35227471590042114,0.6258738040924072,0.349001944065094,0.5815030336380005,0.3544469475746155,0.6366397142410278,0.35868746042251587,0.6708738207817078
0.3804800510406494,0.8226174116134644,0.42564672231674194,0.8061789274215698,0.46530479192733765,0.7422763705253601,0.4724290072917938,0.6600167155265808,0.4429883658885956,0.6148040890693665,0.46289587020874023,0.6137415170669556,0.47946932911872864,0.5115889310836792,0.4872668385505676,0.4402071535587311,0.4894918203353882,0.3853749930858612,0.42783457040786743,0.6058026552200317,0.42805469036102295,0.5335603356361389,0.41849035024642944,0.6193388104438782,0.4173375070095062,0.6723710298538208,0.3951682150363922,0.6112076044082642,0.39105650782585144,0.563277006149292,0.39162665605545044,0.6430454254150391,0.3934513330459595,0.6872602701187134,0.3613135814666748,0.6268491744995117,0.3606511354446411,0.5836305618286133,0.366484671831131,0.638538122177124,0.3703392446041107,0.6730830669403076
0.3455263078212738,0.8523761034011841,0.39182814955711365,0.837859570980072,0.43502143025398254,0.7679234743118286,0.4337645471096039,0.682449460029602,0.40084192156791687,0.6422485113143921,0.42837873101234436,0.6237741112709045,0.44319820404052734,0.5055121183395386,0.4491705596446991,0.42544853687286377,0.4515620768070221,0.3615437150001526,0.38980066776275635,0.6169131994247437,0.38743069767951965,0.5465038418769836,0.37540724873542786,0.6386004686355591,0.3746394217014313,0.6979359984397888,0.35409656167030334,0.6256507635116577,0.345199853181839,0.5816404223442078,0.34524866938591003,0.6661364436149597,0.3502739369869232,0.71462482213974,0.3176671862602234,0.6464940905570984,0.31195005774497986,0.6053711175918579,0.3185116946697235,0.6649327278137207,0.32619670033454895,0.7020120620727539
0.34745854139328003,0.8473243713378906,0.3926258683204651,0.8329327702522278,0.4362783432006836,0.7629530429840088,0.4369982182979584,0.6787893772125244,0.4034709632396698,0.6387011408805847,0.4303324222564697,0.6170185208320618,0.44524890184402466,0.5030655264854431,0.4516240358352661,0.42381978034973145,0.45411261916160583,0.361560195684433,0.3915228843688965,0.6104108095169067,0.391028493642807,0.5413113832473755,0.37997883558273315,0.6360024809837341,0.3795137405395508,0.6948921084403992,0.35568293929100037,0.6195498704910278,0.34858059883117676,0.5789706707000732,0.34895098209381104,0.6640848517417908,0.3538062572479248,0.7110534906387329,0.3195315897464752,0.640500009059906,0.31644734740257263,0.6016746759414673,0.32272571325302124,0.6609376668930054,0.3294215202331543,0.6958098411560059
0.37985938787460327,0.8277662396430969,0.4267371892929077,0.8058559894561768,0.4664170742034912,0.7431155443191528,0.4722871780395508,0.6606806516647339,0.4441772401332855,0.6147130131721497,0.4643367826938629,0.616124153137207,0.4810108244419098,0.511530876159668,0.488118439912796,0.4401707351207733,0.49048468470573425,0.3843335807323456,0.4288007318973541,0.6079171895980835,0.43151918053627014,0.5332382917404175,0.42102062702178955,0.6202853322029114,0.4191473424434662,0.6735050678253174,0.3960588574409485,0.6119316816329956,0.39374250173568726,0.56069016456604,0.3928898274898529,0.6434566974639893,0.3938188850879669,0.6878116726875305,0.3622872829437256,0.6273515820503235,0.36251774430274963,0.5798636674880981,0.3678739666938782,0.6364368200302124,0.37061017751693726,0.6723194122314453
0.34307989478111267,0.8546524047851562,0.3885776102542877,0.8392584919929504,0.43072324991226196,0.7706521153450012,0.4322264790534973,0.6854004263877869,0.39949482679367065,0.6421027183532715,0.4246232211589813,0.6228935122489929,0.44029390811920166,0.5056132674217224,0.44689691066741943,0.424340158700943,0.4496210515499115,0.36123159527778625,0.38575705885887146,0.6157583594322205,0.38424986600875854,0.5438681244850159,0.3722655177116394,0.6396440863609314,0.37218427658081055,0.6979556679725647,0.35006946325302124,0.624462902545929,0.3411594331264496,0.5886122584342957,0.341923326253891,0.6741543412208557,0.3479008972644806,0.7187782526016235,0.31440043449401855,0.6452280879020691,0.3088254928588867,0.609486997127533,0.31605225801467896,0.6699824333190918,0.32398509979248047,0.7044006586074829
0.3785070776939392,0.8270663022994995,0.42413297295570374,0.8114407658576965,0.46543896198272705,0.7455101609230042,0.47214245796203613,0.6620772480964661,0.4424533545970917,0.6181883215904236,0.4623204171657562,0.6167683601379395,0.4788232445716858,0.5123647451400757,0.48591405153274536,0.44022032618522644,0.4882626533508301,0.3844314217567444,0.4270581603050232,0.6078140139579773,0.4271612763404846,0.5334898233413696,0.41696450114250183,0.6175077557563782,0.41548413038253784,0.6715425252914429,0.3941372036933899,0.6126535534858704,0.3895544707775116,0.5647622346878052,0.38929876685142517,0.6427680850028992,0.3910468816757202,0.6876934766769409,0.3602100908756256,0.6279575228691101,0.35843947529792786,0.5851524472236633,0.3637477457523346,0.6379006505012512,0.36807718873023987,0.6722657680511475
0.3149401843547821,0.924582839012146,0.3647497296333313,0.8929630517959595,0.40569958090782166,0.8259281516075134,0.3986894488334656,0.7426608800888062,0.35862165689468384,0.6939787268638611,0.3941144347190857,0.6524414420127869,0.4091958701610565,0.5208224058151245,0.4124339818954468,0.43185365200042725,0.4144444763660431,0.36294668912887573,0.34963458776474,0.652981698513031,0.3433942496776581,0.5817287564277649,0.33046722412109375,0.6929205656051636,0.3334461748600006,0.7547966837882996,0.3092821538448334,0.6681620478630066,0.2954736649990082,0.6369753479957581,0.2973347008228302,0.733622133731842,0.30805346369743347,0.781883180141449,0.27339044213294983,0.6961082220077515,0.26027825474739075,0.6607548594474792,0.27062973380088806,0.7297112941741943,0.2845497131347656,0.7693106532096863
0.3145917057991028,0.9228083491325378,0.3646089732646942,0.8969353437423706,0.4061412215232849,0.827538788318634,0.39903727173805237,0.7448011040687561,0.3603641092777252,0.6969717144966125,0.3939908742904663,0.6542866826057434,0.40993961691856384,0.5213598012924194,0.4122374355792999,0.43377581238746643,0.414602667093277,0.3646283447742462,0.34977126121520996,0.654140293598175,0.3427759110927582,0.5837361216545105,0.32993653416633606,0.6950464248657227,0.33513468503952026,0.7563668489456177,0.3094716966152191,0.6684777736663818,0.2947942018508911,0.640766978263855,0.2963455319404602,0.7391825318336487,0.30873239040374756,0.784334659576416,0.27273881435394287,0.6946470141410828,0.25920385122299194,0.6607303619384766,0.2688361406326294,0.7325119972229004,0.28406357765197754,0.7720580101013184
0.37662890553474426,0.8232586979866028,0.42260417342185974,0.8077852129936218,0.462948203086853,0.745708703994751,0.4691697955131531,0.6629409193992615,0.43909481167793274,0.6192617416381836,0.4603092670440674,0.6151717305183411,0.47711002826690674,0.5108908414840698,0.4846872389316559,0.43808504939079285,0.4868876338005066,0.3827306926250458,0.42500317096710205,0.6078007817268372,0.42460986971855164,0.5361077785491943,0.4139518737792969,0.6213464736938477,0.4139828681945801,0.6722900867462158,0.39237740635871887,0.6119704246520996,0.3873375654220581,0.5634904503822327,0.38712507486343384,0.6426697969436646,0.3903188705444336,0.6849170923233032,0.35883623361587524,0.6280149221420288,0.35578933358192444,0.5853517055511475,0.36131203174591064,0.6380354166030884,0.3660445213317871,0.6712642908096313
0.3411383628845215,0.8595632314682007,0.3862275183200836,0.8439302444458008,0.4298200011253357,0.7727029323577881,0.4300188422203064,0.6869974732398987,0.39329665899276733,0.6447575688362122,0.4222976565361023,0.6199348568916321,0.4373428225517273,0.505321204662323,0.44337746500968933,0.4228307604789734,0.44619545340538025,0.3598887622356415,0.3821466863155365,0.6147434115409851,0.3806338906288147,0.5447410941123962,0.36968645453453064,0.6434576511383057,0.37051689624786377,0.7003853917121887,0.3458499014377594,0.6261413097381592,0.3369755744934082,0.5912685394287109,0.338359534740448,0.6780056953430176,0.3447846472263336,0.7218281030654907,0.30960768461227417,0.6490532755851746,0.30403023958206177,0.6161015033721924,0.3117336630821228,0.6779733300209045,0.3204655051231384,0.7109977602958679
0.3268692195415497,0.8156415224075317,0.3686126172542572,0.7896829843521118,0.40579402446746826,0.7160532474517822,0.4008157551288605,0.6342948079109192,0.36555856466293335,0.5929521322250366,0.39615729451179504,0.5781686305999756,0.4099120795726776,0.46013307571411133,0.41134560108184814,0.3836565315723419,0.41385146975517273,0.3209148049354553,0.3573210537433624,0.5741083025932312,0.35231640934944153,0.5018445253372192,0.33899715542793274,0.5983085036277771,0.3410644829273224,0.6576739549636841,0.321508526802063,0.5859479904174805,0.30944404006004333,0.5524606704711914,0.3077092468738556,0.6365870833396912,0.31537479162216187,0.6784726977348328,0.28824466466903687,0.6095829606056213,0.2773659825325012,0.5727027654647827,0.28355517983436584,0.631817638874054,0.2943819463253021,0.6658517122268677
0.28249961137771606,0.8386530876159668,0.32834938168525696,0.7966196537017822,0.3656401038169861,0.7141275405883789,0.34665653109550476,0.643076479434967,0.3035479485988617,0.6108092665672302,0.3478253483772278,0.5749360918998718,0.35619089007377625,0.43861380219459534,0.354954332113266,0.3595861792564392,0.3555689752101898,0.29194527864456177,0.3066636025905609,0.5766007304191589,0.2861288785934448,0.514248251914978,0.2778163552284241,0.6049429774284363,0.2840915322303772,0.6651502251625061,0.2691933810710907,0.5944302678108215,0.24617108702659607,0.5733457207679749,0.2516867220401764,0.6559271812438965,0.2653556764125824,0.6995730400085449,0.23500439524650574,0.6230503916740417,0.21404699981212616,0.5968800783157349,0.22494278848171234,0.6553054451942444,0.24147984385490417,0.6918914318084717
0.3727502226829529,0.8098270893096924,0.41687360405921936,0.7964476346969604,0.45511728525161743,0.7322425842285156,0.46036669611930847,0.6516130566596985,0.4323919713497162,0.6101706027984619,0.45328769087791443,0.609095573425293,0.47000035643577576,0.5067272186279297,0.4777531623840332,0.43513810634613037,0.4812105596065521,0.379798948764801,0.4188311696052551,0.6001113057136536,0.41944196820259094,0.526017963886261,0.4072089195251465,0.6042771339416504,0.40548667311668396,0.6569766998291016,0.3863856792449951,0.6035221219062805,0.38248321413993835,0.5566043257713318,0.37985050678253174,0.6310340762138367,0.381461501121521,0.6765326261520386,0.354146271944046,0.6189648509025574,0.3518145680427551,0.5746227502822876,0.35513177514076233,0.6259898543357849,0.35942167043685913,0.6623833775520325
0.3475630581378937,0.8293041586875916,0.391177237033844,0.8102520704269409,0.4309481680393219,0.7380719184875488,0.42870962619781494,0.6564016938209534,0.3980812132358551,0.617242693901062,0.42520850896835327,0.600067675113678,0.43913230299949646,0.4903366267681122,0.44556158781051636,0.4143959879875183,0.44877928495407104,0.35567882657051086,0.3880770206451416,0.5964545607566833,0.38775983452796936,0.5227226614952087,0.3770825266838074,0.6140745282173157,0.37638720870018005,0.6746090650558472,0.35346779227256775,0.6066706776618958,0.34574276208877563,0.5656226873397827,0.34552475810050964,0.6476061344146729,0.3502335250377655,0.692804217338562,0.3184206485748291,0.6265310049057007,0.3147850036621094,0.583613932132721,0.32023343443870544,0.6417882442474365,0.3262443542480469,0.6771619319915771
0.3530224561691284,0.8236292004585266,0.3971725404262543,0.8025639057159424,0.4381129741668701,0.7299903631210327,0.43505024909973145,0.6506733894348145,0.4042428135871887,0.613810122013092,0.4301576018333435,0.5955156087875366,0.4445556700229645,0.48892655968666077,0.45038318634033203,0.41651082038879395,0.4540458619594574,0.35798075795173645,0.39385905861854553,0.590916097164154,0.39286985993385315,0.5220057964324951,0.3840700685977936,0.6108366250991821,0.3844752907752991,0.6698615550994873,0.360198050737381,0.6016107201576233,0.35282716155052185,0.5622020959854126,0.3534485101699829,0.6437792181968689,0.3583979904651642,0.689037024974823,0.32609137892723083,0.6236028671264648,0.32318881154060364,0.580210268497467,0.32838404178619385,0.6385361552238464,0.33401310443878174,0.6749007701873779
0.3736948072910309,0.8086585402488708,0.41703104972839355,0.7974342703819275,0.4561765789985657,0.7333480715751648,0.4608316123485565,0.6516870260238647,0.4319199025630951,0.6106418371200562,0.4542807638645172,0.6105098128318787,0.47150757908821106,0.5073825716972351,0.4794361889362335,0.4359757602214813,0.4832984209060669,0.38029947876930237,0.42028579115867615,0.6010362505912781,0.42099666595458984,0.5294994711875916,0.4084472358226776,0.6090922355651855,0.4067564010620117,0.6604814529418945,0.38812455534935,0.603052020072937,0.3844992220401764,0.5562391877174377,0.38158559799194336,0.6328182816505432,0.38314250111579895,0.6774068474769592,0.3556007146835327,0.6182237267494202,0.3532371520996094,0.573653519153595,0.35700830817222595,0.6261878609657288,0.3609483540058136,0.6628912091255188
0.2761196494102478,0.8458797931671143,0.3229001462459564,0.7990489602088928,0.3594101071357727,0.7107667326927185,0.336343377828598,0.6433777809143066,0.29280829429626465,0.6112581491470337,0.3393789529800415,0.5767812132835388,0.34628555178642273,0.4378120005130768,0.3450005054473877,0.3588968813419342,0.34580448269844055,0.28973284363746643,0.29695603251457214,0.5784120559692383,0.27506306767463684,0.5216522216796875,0.2673879563808441,0.6152195334434509,0.2738436758518219,0.6764124631881714,0.259359210729599,0.5961746573448181,0.23438557982444763,0.5781749486923218,0.24113570153713226,0.663883626461029,0.25545093417167664,0.7086851596832275,0.22601284086704254,0.6256040334701538,0.20238488912582397,0.600750744342804,0.21352523565292358,0.6622964143753052,0.23038649559020996,0.6998257637023926
0.3187054693698883,0.8186367154121399,0.3630773723125458,0.7924450039863586,0.40067538619041443,0.7145271301269531,0.3910070061683655,0.6362162232398987,0.35589227080345154,0.5994129180908203,0.39167875051498413,0.5776719450950623,0.40363192558288574,0.4535011649131775,0.40517106652259827,0.3783397376537323,0.4073403477668762,0.31521305441856384,0.3521803319454193,0.5748315453529358,0.34465810656547546,0.5059032440185547,0.332686185836792,0.5996547937393188,0.3342089354991913,0.6615146994590759,0.3158454895019531,0.587644636631012,0.304699569940567,0.5553212761878967,0.3032582402229309,0.6378138661384583,0.30953362584114075,0.6829168796539307,0.28206053376197815,0.6122291684150696,0.27101635932922363,0.5727571249008179,0.27669087052345276,0.6297442317008972,0.2866445779800415,0.6673500537872314
0.266915500164032,0.8549776673316956,0.3123423755168915,0.8086203932762146,0.348024845123291,0.7165479063987732,0.3242126405239105,0.6471670866012573,0.2776133120059967,0.621681809425354,0.3274533450603485,0.5778247714042664,0.33088743686676025,0.43747031688690186,0.32774612307548523,0.35838329792022705,0.32826995849609375,0.2882160544395447,0.28281116485595703,0.5805256366729736,0.2563924789428711,0.5241338014602661,0.251037061214447,0.6251327395439148,0.2621504068374634,0.6825416088104248,0.24422380328178406,0.6004775166511536,0.21633799374103546,0.5864402651786804,0.22660556435585022,0.676299512386322,0.2457629144191742,0.7141838669776917,0.21177184581756592,0.6320932507514954,0.18669231235980988,0.6127142310142517,0.20005714893341064,0.6759013533592224,0.22055700421333313,0.708408534526825
0.3038690686225891,0.828734815120697,0.34908443689346313,0.7962296605110168,0.38712772727012634,0.7184416055679321,0.3737676441669464,0.6442134380340576,0.33641260862350464,0.6066421270370483,0.37460044026374817,0.5775454044342041,0.38644540309906006,0.4479244351387024,0.38640451431274414,0.37093329429626465,0.3879145681858063,0.3051184415817261,0.33451327681541443,0.5774348974227905,0.31784680485725403,0.5094330906867981,0.3086938261985779,0.6002082228660583,0.31524941325187683,0.6578493714332581,0.29827970266342163,0.5929862856864929,0.2776656448841095,0.5646237730979919,0.2804563343524933,0.6444447040557861,0.2926720678806305,0.6848625540733337,0.26543429493904114,0.619376540184021,0.2460031658411026,0.5846531987190247,0.2535960078239441,0.6394090056419373,0.2676241397857666,0.6739019155502319
0.36076927185058594,0.7858315706253052,0.40306195616722107,0.7701152563095093,0.4439743757247925,0.701443612575531,0.447604238986969,0.6187700033187866,0.4199613332748413,0.5779801607131958,0.44074976444244385,0.5839868187904358,0.4586969316005707,0.47982707619667053,0.46562662720680237,0.41045528650283813,0.4703761041164398,0.35566404461860657,0.40684348344802856,0.5750709772109985,0.40707242488861084,0.4965727627277374,0.3953842222690582,0.5740393996238708,0.39559584856033325,0.6275064945220947,0.3749156892299652,0.5792466402053833,0.3693530261516571,0.5292224287986755,0.3654273450374603,0.6026016473770142,0.36859774589538574,0.6469137072563171,0.3427540063858032,0.5937208533287048,0.3393080234527588,0.5474916696548462,0.34134697914123535,0.5982002019882202,0.3459268808364868,0.6335241794586182
0.3637913763523102,0.8142301440238953,0.408121258020401,0.8016235828399658,0.4477267563343048,0.7293771505355835,0.44946858286857605,0.6463707685470581,0.4182550013065338,0.6079825758934021,0.44259822368621826,0.6044860482215881,0.458278089761734,0.4990746080875397,0.4658159017562866,0.42701318860054016,0.4695128798484802,0.3694331645965576,0.40785327553749084,0.5969164967536926,0.40733662247657776,0.5190953016281128,0.3979894816875458,0.5983441472053528,0.396297812461853,0.6580278277397156,0.3748050630092621,0.6029133200645447,0.3683079779148102,0.5555319786071777,0.3677675127983093,0.6298436522483826,0.369945228099823,0.6776784658432007,0.34158220887184143,0.618159830570221,0.339044988155365,0.5735126733779907,0.34336113929748535,0.6258183121681213,0.34775111079216003,0.6633609533309937
0.375940203666687,0.814651370048523,0.4226072132587433,0.7929502129554749,0.4594815969467163,0.7284693121910095,0.46563997864723206,0.6494417190551758,0.43719667196273804,0.608100175857544,0.45693883299827576,0.6094274520874023,0.4745576083660126,0.5064157843589783,0.48196226358413696,0.43643924593925476,0.48505672812461853,0.3805460035800934,0.42332708835601807,0.6020482182502747,0.4245004951953888,0.5279886722564697,0.41171154379844666,0.6082401275634766,0.40997186303138733,0.659457266330719,0.39093920588493347,0.6048905253410339,0.38778892159461975,0.5542398691177368,0.3855571448802948,0.6310378909111023,0.3878817856311798,0.6742812991142273,0.3591074049472809,0.621359646320343,0.3566998541355133,0.5747896432876587,0.3613426685333252,0.6247803568840027,0.3652646839618683,0.6604760885238647
0.37603986263275146,0.8110296726226807,0.41974490880966187,0.797170102596283,0.4575614035129547,0.7321061491966248,0.4637284278869629,0.6506036520004272,0.43526726961135864,0.6102621555328369,0.45601433515548706,0.6080385446548462,0.4725712537765503,0.5073120594024658,0.48072734475135803,0.4367199242115021,0.4843886196613312,0.3826657831668854,0.42179635167121887,0.5994348526000977,0.4239179491996765,0.5263318419456482,0.41105785965919495,0.6090238690376282,0.4094866216182709,0.6602739691734314,0.3896934986114502,0.6029993891716003,0.3862695097923279,0.5565349459648132,0.3834138512611389,0.6338258385658264,0.3857601583003998,0.678577184677124,0.3573608696460724,0.6186155080795288,0.355867475271225,0.5742316842079163,0.35875263810157776,0.6281201839447021,0.36325088143348694,0.6643171310424805
0.3574999272823334,0.8192645907402039,0.40225571393966675,0.8010298013687134,0.4434448182582855,0.7282275557518005,0.44153863191604614,0.6494112610816956,0.41030123829841614,0.6128525733947754,0.43715089559555054,0.5995503067970276,0.45168036222457886,0.49446260929107666,0.4582728445529938,0.4220615029335022,0.46160900592803955,0.3631311357021332,0.40155723690986633,0.5929208993911743,0.4025721848011017,0.5175618529319763,0.39258280396461487,0.6008482575416565,0.3904724717140198,0.659953773021698,0.3676002025604248,0.6019931435585022,0.36182835698127747,0.5575408339500427,0.3610042333602905,0.6356242299079895,0.3638565242290497,0.6801419854164124,0.3331266939640045,0.621640145778656,0.3318595588207245,0.5761904120445251,0.3361159563064575,0.631157636642456,0.3400360643863678,0.6662874221801758
0.3529422879219055,0.7930849194526672,0.39628249406814575,0.7668250203132629,0.4343576431274414,0.6956407427787781,0.43336817622184753,0.6138221621513367,0.40419089794158936,0.5753961205482483,0.4290376901626587,0.5771082043647766,0.44588491320610046,0.4715195596218109,0.45222413539886475,0.40158066153526306,0.45687052607536316,0.3453488349914551,0.3946332335472107,0.5705962181091309,0.3955914378166199,0.4914613962173462,0.38467317819595337,0.567060112953186,0.3844311535358429,0.6232943534851074,0.3622550666332245,0.5782474279403687,0.3572827875614166,0.5308145880699158,0.3547917902469635,0.6001295447349548,0.3580361306667328,0.6422951817512512,0.33057838678359985,0.5967179536819458,0.3273698389530182,0.5507717728614807,0.3309912085533142,0.5969375967979431,0.3358954191207886,0.6307798624038696
0.3136196434497833,0.8177879452705383,0.3574782609939575,0.7930667400360107,0.3940892517566681,0.7155168056488037,0.3826099634170532,0.6377692222595215,0.34544944763183594,0.6020632982254028,0.38273537158966064,0.5740487575531006,0.39519375562667847,0.4479634165763855,0.39694783091545105,0.3729846775531769,0.39889127016067505,0.30953294038772583,0.342873215675354,0.5734276175498962,0.3336274027824402,0.5041924715042114,0.32407256960868835,0.6007249355316162,0.32691746950149536,0.6593632698059082,0.30680930614471436,0.588408350944519,0.29260891675949097,0.558354377746582,0.2940884530544281,0.6429662108421326,0.30217769742012024,0.6820345520973206,0.2737042307853699,0.6149899363517761,0.2591553330421448,0.5762085318565369,0.2668677270412445,0.6351618766784668,0.27836906909942627,0.6696204543113708
0.2726796269416809,0.8562672138214111,0.3186017870903015,0.8057737946510315,0.35327109694480896,0.7145910263061523,0.3284093737602234,0.64769446849823,0.2848094403743744,0.6165112257003784,0.33415335416793823,0.5765547156333923,0.3387071192264557,0.43807196617126465,0.33651408553123474,0.35869741439819336,0.33605310320854187,0.28983554244041443,0.29059967398643494,0.5804377198219299,0.2657482624053955,0.5239790678024292,0.2582554519176483,0.6181846857070923,0.26560071110725403,0.6790144443511963,0.25238096714019775,0.6000095009803772,0.22617162764072418,0.5804233551025391,0.23354323208332062,0.6667041182518005,0.248947411775589,0.7123075723648071,0.21887551248073578,0.6308887004852295,0.19534584879875183,0.6055252552032471,0.20715251564979553,0.6666392683982849,0.22520269453525543,0.7047832012176514
0.26170414686203003,0.855206310749054,0.30469653010368347,0.8101536631584167,0.3379051685333252,0.723642885684967,0.31363826990127563,0.6533565521240234,0.26561054587364197,0.6231161952018738,0.31584492325782776,0.5782510638237,0.319253146648407,0.4393785893917084,0.3147832155227661,0.3596348762512207,0.3139602541923523,0.28884392976760864,0.27101564407348633,0.5826436281204224,0.24439388513565063,0.5282506346702576,0.23898394405841827,0.6314263939857483,0.24924799799919128,0.6875504851341248,0.23250336945056915,0.6044197082519531,0.20227836072444916,0.592265248298645,0.21593809127807617,0.6829121112823486,0.23709343373775482,0.7199146747589111,0.19979768991470337,0.6386088728904724,0.1721072793006897,0.6200839281082153,0.18885089457035065,0.6833212971687317,0.21222655475139618,0.7134182453155518
0.33426228165626526,0.813325822353363,0.3777410387992859,0.7841289639472961,0.4134450852870941,0.7081176042556763,0.40908005833625793,0.624968945980072,0.37735873460769653,0.5876411199569702,0.40688449144363403,0.5783935785293579,0.4209604561328888,0.46304646134376526,0.4237481951713562,0.38791611790657043,0.42676782608032227,0.3272668123245239,0.3695004880428314,0.5739138126373291,0.3656752407550812,0.49603790044784546,0.3537386357784271,0.5856426954269409,0.35510507225990295,0.6443223357200623,0.3343721032142639,0.5844637751579285,0.32589995861053467,0.5438424944877625,0.3236066401004791,0.6241492629051208,0.3288910388946533,0.6685214638710022,0.30043089389801025,0.606870710849762,0.2930777370929718,0.5674940943717957,0.297914981842041,0.6220760345458984,0.3061327636241913,0.6569483280181885
0.33606186509132385,0.8410012722015381,0.3807457685470581,0.815918505191803,0.423088014125824,0.7439046502113342,0.41718658804893494,0.6619837880134583,0.3841245472431183,0.6215788722038269,0.4128330945968628,0.5995595455169678,0.428210586309433,0.4850066900253296,0.43155568838119507,0.40842923521995544,0.43441829085350037,0.3469751477241516,0.3748612403869629,0.5971625447273254,0.3723130524158478,0.5280958414077759,0.3607656955718994,0.6215144395828247,0.3629450500011444,0.6803205013275146,0.33998018503189087,0.609401524066925,0.3304387032985687,0.5756102204322815,0.3298591077327728,0.6599891781806946,0.33728519082069397,0.7030192613601685,0.30527594685554504,0.6321086883544922,0.2982470393180847,0.5936172604560852,0.3043240010738373,0.6533313989639282,0.31345081329345703,0.6880473494529724
0.38162705302238464,0.8097828030586243,0.4251531660556793,0.7990044355392456,0.4651038646697998,0.7330997586250305,0.4731912314891815,0.6523931622505188,0.4442342519760132,0.6097062230110168,0.46272012591362,0.6128087043762207,0.4799867868423462,0.5107665061950684,0.487754225730896,0.44035255908966064,0.49086305499076843,0.38565126061439514,0.4291056990623474,0.6039095520973206,0.4291731119155884,0.5317507386207581,0.41844192147254944,0.6114053726196289,0.41686245799064636,0.6659842729568481,0.3970061242580414,0.6066784858703613,0.392415314912796,0.559428870677948,0.391876757144928,0.6360293030738831,0.3938579261302948,0.6831877827644348,0.3642825186252594,0.6190140843391418,0.36228275299072266,0.5759940147399902,0.36654868721961975,0.6287286877632141,0.37090981006622314,0.6656341552734375
0.32263997197151184,0.8419137001037598,0.36733517050743103,0.8139341473579407,0.40626198053359985,0.7372353672981262,0.3986475169658661,0.65348881483078,0.36319342255592346,0.611200749874115,0.39820027351379395,0.5913910269737244,0.4117744565010071,0.4703584611415863,0.4135071039199829,0.3915369212627411,0.41646650433540344,0.32751765847206116,0.3594253659248352,0.5886065363883972,0.35477474331855774,0.5137467384338379,0.34140488505363464,0.6073468327522278,0.34344497323036194,0.6678190231323242,0.3229075074195862,0.6016082763671875,0.31218597292900085,0.5623269081115723,0.3081529140472412,0.6455557942390442,0.314159631729126,0.6906425356864929,0.28792065382003784,0.6262543797492981,0.27919355034828186,0.5849795937538147,0.28275200724601746,0.6428327560424805,0.291668564081192,0.6801998019218445
0.30973580479621887,0.8442261219024658,0.3553946614265442,0.8168905973434448,0.39396318793296814,0.7424058318138123,0.3856891989707947,0.661780834197998,0.34928080439567566,0.6218357086181641,0.38493451476097107,0.5943490266799927,0.3972049951553345,0.46619847416877747,0.39781394600868225,0.38661301136016846,0.399821400642395,0.31941190361976624,0.3444366753101349,0.5914335250854492,0.33406683802604675,0.5192627906799316,0.3222273290157318,0.6188141107559204,0.3267785608768463,0.6767957806587219,0.3072460889816284,0.605542004108429,0.2914154529571533,0.5720841288566589,0.2914928197860718,0.6580163240432739,0.30145061016082764,0.6968772411346436,0.27330267429351807,0.6327041387557983,0.2575708329677582,0.5914673209190369,0.26402556896209717,0.6511535048484802,0.27675360441207886,0.6866129040718079
0.381649911403656,0.8145368099212646,0.42611566185951233,0.801296055316925,0.467225044965744,0.7380715012550354,0.474724143743515,0.656317949295044,0.445050448179245,0.6122714877128601,0.4644935131072998,0.6132705211639404,0.48155850172042847,0.5117480158805847,0.4892522692680359,0.4412740468978882,0.49181246757507324,0.3863169848918915,0.42999961972236633,0.6038843393325806,0.4305800795555115,0.5292174220085144,0.4207254946231842,0.6103339791297913,0.41831547021865845,0.6657439470291138,0.39753109216690063,0.6078224778175354,0.39431020617485046,0.5582190155982971,0.3938993513584137,0.6353956460952759,0.3943081498146057,0.6830723881721497,0.36406394839286804,0.6209988594055176,0.3640229105949402,0.5765051245689392,0.3685210347175598,0.629485547542572,0.3716743290424347,0.6662847399711609
0.34178435802459717,0.8351649641990662,0.38542044162750244,0.812400758266449,0.42705821990966797,0.7409997582435608,0.4256749153137207,0.6594991087913513,0.39275506138801575,0.6195749640464783,0.41942644119262695,0.5982396602630615,0.4341372549533844,0.48814621567726135,0.43910443782806396,0.41285255551338196,0.44211500883102417,0.35281357169151306,0.3818529546260834,0.5953666567802429,0.38083234429359436,0.527349054813385,0.37041497230529785,0.6203235983848572,0.370852530002594,0.6793285012245178,0.3473425507545471,0.607517421245575,0.33919647336006165,0.5669320225715637,0.3392646610736847,0.6505857110023499,0.3446394205093384,0.6968060731887817,0.312506765127182,0.6305704712867737,0.3079569637775421,0.587647020816803,0.3139229714870453,0.646986186504364,0.32092607021331787,0.6837130188941956
0.3296907842159271,0.8124948143959045,0.3729631304740906,0.7851974368095398,0.41151827573776245,0.7139344215393066,0.4054488241672516,0.6344849467277527,0.3717819154262543,0.5964818000793457,0.4022245407104492,0.5765835046768188,0.41506052017211914,0.45556122064590454,0.41681036353111267,0.3828712999820709,0.41911253333091736,0.320913165807724,0.3641704022884369,0.5726205110549927,0.3601779043674469,0.5002033710479736,0.3491528034210205,0.5921361446380615,0.3502848446369171,0.6515160202980042,0.32875946164131165,0.5849072933197021,0.3200065791606903,0.5473365783691406,0.3182218670845032,0.6305029988288879,0.32311004400253296,0.6749343872070312,0.29497528076171875,0.6086586713790894,0.28668421506881714,0.5678545236587524,0.291846364736557,0.6256524324417114,0.30003342032432556,0.6622720956802368
0.2609935700893402,0.8547824621200562,0.30366086959838867,0.809636116027832,0.33669808506965637,0.7215850949287415,0.3121509253978729,0.6519550681114197,0.264119952917099,0.623490035533905,0.3147278130054474,0.5769465565681458,0.3178735375404358,0.43732544779777527,0.31353509426116943,0.3585001230239868,0.3128686845302582,0.2884347140789032,0.26993119716644287,0.5822444558143616,0.24342554807662964,0.5281303524971008,0.23716780543327332,0.6306197643280029,0.2470649927854538,0.6883472800254822,0.2314491868019104,0.6042098999023438,0.2025347352027893,0.5927870273590088,0.2151813805103302,0.6832502484321594,0.23593030869960785,0.7219268679618835,0.19899581372737885,0.6376917362213135,0.1722041219472885,0.6201913356781006,0.18795908987522125,0.6840803623199463,0.2108353078365326,0.715561032295227
0.34093841910362244,0.8088423013687134,0.3839961588382721,0.7781803011894226,0.4199858009815216,0.7058956027030945,0.4147641658782959,0.6237766742706299,0.38291433453559875,0.5825994610786438,0.4135376214981079,0.5743942260742188,0.42703133821487427,0.46052661538124084,0.4303525686264038,0.38730308413505554,0.43448036909103394,0.32763996720314026,0.3764864206314087,0.570095956325531,0.37236902117729187,0.49328088760375977,0.3615579605102539,0.5784228444099426,0.363124817609787,0.6368774771690369,0.34160497784614563,0.5826728940010071,0.3331279158592224,0.5423943996429443,0.3319178819656372,0.6193864941596985,0.33701297640800476,0.6637580394744873,0.3080219626426697,0.6056851148605347,0.3002222776412964,0.5617153644561768,0.3059060275554657,0.6129592061042786,0.31419673562049866,0.6484376788139343
0.26225441694259644,0.8533881902694702,0.3065262734889984,0.8073388338088989,0.3413260877132416,0.7158883810043335,0.31590592861175537,0.6485889554023743,0.2680202126502991,0.6241275072097778,0.31769120693206787,0.5749643445014954,0.32035496830940247,0.43615424633026123,0.3164750337600708,0.3576718270778656,0.316508948802948,0.2886214256286621,0.2728574872016907,0.5793889760971069,0.24564583599567413,0.5294939875602722,0.24106663465499878,0.6319429874420166,0.25355809926986694,0.6880910396575928,0.2342185080051422,0.6016950607299805,0.20673660933971405,0.5934536457061768,0.21873953938484192,0.6840148568153381,0.23984095454216003,0.7207815647125244,0.20181144773960114,0.6358649730682373,0.17678898572921753,0.6194363236427307,0.19202178716659546,0.6827481389045715,0.21468177437782288,0.713709831237793
0.3813113570213318,0.8060980439186096,0.4235982894897461,0.7973456978797913,0.46420636773109436,0.7297314405441284,0.47049155831336975,0.6487734317779541,0.44063034653663635,0.6053551435470581,0.461295485496521,0.6111345887184143,0.47874441742897034,0.5095338225364685,0.48615145683288574,0.4391065239906311,0.4892059564590454,0.3843468129634857,0.4278711974620819,0.6019713282585144,0.42760831117630005,0.5317805409431458,0.4158020317554474,0.6119627356529236,0.41455405950546265,0.6636794209480286,0.39583298563957214,0.6042512059211731,0.39013949036598206,0.5586699843406677,0.3889976739883423,0.6357933282852173,0.39171934127807617,0.680401086807251,0.36289095878601074,0.6158932447433472,0.36078470945358276,0.5731877088546753,0.364490807056427,0.6263840198516846,0.36841070652008057,0.6620323657989502
0.3257756531238556,0.8561570048332214,0.3714570701122284,0.8278515934944153,0.41170674562454224,0.7533900737762451,0.4041471779346466,0.6742802262306213,0.36885741353034973,0.6343754529953003,0.4013126492500305,0.6062703132629395,0.41517817974090576,0.482727974653244,0.41675496101379395,0.4039090871810913,0.41899222135543823,0.33831873536109924,0.3613000512123108,0.603841245174408,0.3589654862880707,0.5313736796379089,0.34582725167274475,0.6246170401573181,0.34675532579421997,0.6890038847923279,0.3236282169818878,0.6176084280014038,0.31569087505340576,0.5795767903327942,0.3117833733558655,0.6635033488273621,0.3170447051525116,0.7126420140266418,0.28783944249153137,0.642583966255188,0.2818812131881714,0.6032078266143799,0.28594207763671875,0.6621565818786621,0.29445070028305054,0.7012314796447754
0.31264105439186096,0.8628457188606262,0.35952869057655334,0.8385042548179626,0.4001757502555847,0.7642084956169128,0.39336147904396057,0.682207465171814,0.355509877204895,0.6428585648536682,0.3880501985549927,0.6099629402160645,0.39990878105163574,0.4788598120212555,0.4006880521774292,0.39874348044395447,0.40335649251937866,0.3320092558860779,0.34787288308143616,0.6074660420417786,0.3379332423210144,0.5376068949699402,0.32528093457221985,0.641329824924469,0.33046817779541016,0.7009324431419373,0.31008467078208923,0.620613694190979,0.29429498314857483,0.5893650054931641,0.2933022975921631,0.6812077760696411,0.3042783737182617,0.7232987880706787,0.27499035000801086,0.6468314528465271,0.25972405076026917,0.6085485219955444,0.265903115272522,0.6747598052024841,0.2796081304550171,0.7137879133224487
0.37718942761421204,0.8187227249145508,0.4235423803329468,0.7950172424316406,0.4621972441673279,0.7308152318000793,0.4685003161430359,0.6504592895507812,0.4392801523208618,0.6086879372596741,0.45874401926994324,0.6114919185638428,0.4764117896556854,0.5080717206001282,0.484142005443573,0.439095675945282,0.48807913064956665,0.38266119360923767,0.4251177906990051,0.6032527685165405,0.4278426468372345,0.5241194367408752,0.41626420617103577,0.6047109961509705,0.4144359529018402,0.6591522097587585,0.3929423391819,0.6071892976760864,0.38997751474380493,0.5548557639122009,0.387905091047287,0.631191074848175,0.3897508978843689,0.6772127151489258,0.3610583245754242,0.6221743822097778,0.35941579937934875,0.5720929503440857,0.36325469613075256,0.6228082776069641,0.36717450618743896,0.6602124571800232
0.2654370069503784,0.8526913523674011,0.3090597093105316,0.8079416751861572,0.3432201147079468,0.7186183333396912,0.3196319043636322,0.6478865742683411,0.27210623025894165,0.6214967370033264,0.32163915038108826,0.5770962238311768,0.32587817311286926,0.4370100200176239,0.32197412848472595,0.3584378957748413,0.3217586576938629,0.28855210542678833,0.27798303961753845,0.5804200768470764,0.25046736001968384,0.5231786966323853,0.24460794031620026,0.6239368319511414,0.2560071051120758,0.6786691546440125,0.23984365165233612,0.6015990376472473,0.21043509244918823,0.5864109992980957,0.22079123556613922,0.6757351160049438,0.24049773812294006,0.7117637991905212,0.20758607983589172,0.6351240873336792,0.1808890551328659,0.6165188550949097,0.19491194188594818,0.6786006093025208,0.2168523371219635,0.7091583609580994
0.34550249576568604,0.7997742891311646,0.38799721002578735,0.7765043377876282,0.4249878227710724,0.7035388946533203,0.4231039881706238,0.6174766421318054,0.39460259675979614,0.5736103057861328,0.42007941007614136,0.5758384466171265,0.43684062361717224,0.46552643179893494,0.44146621227264404,0.3931059241294861,0.44605767726898193,0.33558210730552673,0.38438862562179565,0.5710968971252441,0.38199689984321594,0.4943741261959076,0.36918774247169495,0.5774577260017395,0.370500385761261,0.635347843170166,0.3507724106311798,0.5796248912811279,0.3436310887336731,0.533999502658844,0.33986473083496094,0.6115686297416687,0.3447599709033966,0.6574087142944336,0.3182356059551239,0.598866879940033,0.31336113810539246,0.5508385300636292,0.3162012994289398,0.6046139001846313,0.32297974824905396,0.6429919600486755
0.2613341808319092,0.8555294871330261,0.3055143356323242,0.8072388172149658,0.3392799198627472,0.7169965505599976,0.3134121298789978,0.6488932371139526,0.26626431941986084,0.6209076642990112,0.31680944561958313,0.576816201210022,0.32019105553627014,0.439280241727829,0.3161705732345581,0.36064961552619934,0.31617671251296997,0.29074057936668396,0.2728551924228668,0.5814932584762573,0.24592788517475128,0.5277127623558044,0.2397337555885315,0.6316371560096741,0.25004395842552185,0.6894745230674744,0.23495948314666748,0.6028041243553162,0.2054966688156128,0.5926152467727661,0.2179686427116394,0.6834191083908081,0.2386600822210312,0.7210709452629089,0.2031782865524292,0.6352604031562805,0.17619676887989044,0.617110550403595,0.19123275578022003,0.6819911599159241,0.21320459246635437,0.713019609451294
0.2866918742656708,0.8719339370727539,0.3329891264438629,0.8392691612243652,0.3741024434566498,0.7622208595275879,0.36184847354888916,0.6815173029899597,0.3186657130718231,0.6427377462387085,0.36016157269477844,0.6065041422843933,0.37167978286743164,0.46827709674835205,0.37102752923965454,0.3824484944343567,0.3717077672481537,0.3107580542564392,0.31679216027259827,0.6049156785011292,0.2994582951068878,0.5376750826835632,0.28631049394607544,0.6425334215164185,0.29084378480911255,0.705602765083313,0.27721747756004333,0.6192525029182434,0.25402864813804626,0.5885564684867859,0.2554969787597656,0.6807126998901367,0.26838165521621704,0.7273657321929932,0.24098145961761475,0.6458556056022644,0.22029829025268555,0.6146194338798523,0.22928933799266815,0.6789063215255737,0.24550879001617432,0.7161157727241516
0.3468531668186188,0.817823588848114,0.39080744981765747,0.79335618019104,0.42889899015426636,0.7223612070083618,0.4279384911060333,0.6378979086875916,0.4000217616558075,0.5949877500534058,0.4254508912563324,0.5885016918182373,0.44119733572006226,0.47967037558555603,0.4464283287525177,0.40674829483032227,0.4502241015434265,0.34829506278038025,0.39030271768569946,0.5840027928352356,0.3865868151187897,0.506973147392273,0.3751581013202667,0.5855132341384888,0.37606385350227356,0.6451493501663208,0.3567877411842346,0.5936294794082642,0.348062664270401,0.5456498861312866,0.3460380434989929,0.6186744570732117,0.35119467973709106,0.6665945053100586,0.3242914080619812,0.6133971810340881,0.3182426691055298,0.5647599697113037,0.3219926357269287,0.6146507263183594,0.3290849030017853,0.6529550552368164
0.3527761697769165,0.810271143913269,0.396431028842926,0.7874911427497864,0.43600767850875854,0.7158123254776001,0.4391501843929291,0.6328354477882385,0.40919074416160583,0.589006781578064,0.4323018193244934,0.5863165855407715,0.4477440416812897,0.48027658462524414,0.45454171299934387,0.40573880076408386,0.458812952041626,0.3467082381248474,0.39702939987182617,0.5807747840881348,0.396312415599823,0.49971944093704224,0.3836294114589691,0.5838387608528137,0.3834896683692932,0.6410136818885803,0.3637210428714752,0.5881564021110535,0.356078565120697,0.5413804054260254,0.3529059588909149,0.617984414100647,0.3575056791305542,0.6603173017501831,0.3310232162475586,0.6046167612075806,0.32580703496932983,0.5597535371780396,0.32840457558631897,0.6130266785621643,0.33421099185943604,0.647463858127594
0.29565882682800293,0.8519083261489868,0.3416353762149811,0.8266438245773315,0.3827512562274933,0.7518103122711182,0.3706156313419342,0.6713147759437561,0.3297562301158905,0.6312204003334045,0.36973103880882263,0.5992937684059143,0.38290584087371826,0.4647347331047058,0.3820510804653168,0.382793128490448,0.3831401467323303,0.31329911947250366,0.32761701941490173,0.5970491766929626,0.311842143535614,0.5288103222846985,0.29978203773498535,0.6309853792190552,0.3059166371822357,0.6929144859313965,0.28951987624168396,0.6102245450019836,0.26781272888183594,0.5857188105583191,0.2694130539894104,0.6766076683998108,0.28301867842674255,0.7206729054450989,0.2553105652332306,0.6348995566368103,0.23572050034999847,0.6054415106773376,0.24301113188266754,0.670221209526062,0.2584885060787201,0.7076233625411987
0.2597915232181549,0.854854941368103,0.3024412989616394,0.8098031878471375,0.33514147996902466,0.7208148241043091,0.3125114142894745,0.6502137184143066,0.26582226157188416,0.6216938495635986,0.31459319591522217,0.5763527750968933,0.3178924024105072,0.4370298981666565,0.3133865296840668,0.3583507239818573,0.312833696603775,0.28921744227409363,0.2702014148235321,0.5811533331871033,0.2431546151638031,0.5266458988189697,0.23720982670783997,0.6304037570953369,0.24865418672561646,0.6867156028747559,0.23171603679656982,0.6026418209075928,0.20269419252872467,0.5912080407142639,0.21453465521335602,0.6821895241737366,0.23569589853286743,0.7186662554740906,0.1997075229883194,0.6354416012763977,0.17337335646152496,0.619519054889679,0.1880747526884079,0.6844230890274048,0.21094010770320892,0.714820384979248
0.2946830689907074,0.865195631980896,0.3417225480079651,0.8378319144248962,0.3843132257461548,0.7624793648719788,0.37270984053611755,0.6842243075370789,0.33053058385849,0.6471013426780701,0.36919471621513367,0.6081070303916931,0.3828299343585968,0.472987562417984,0.382271409034729,0.39017820358276367,0.3836948275566101,0.32053256034851074,0.3260788917541504,0.6065019965171814,0.31083551049232483,0.5420671105384827,0.29971060156822205,0.64933842420578,0.3067720830440521,0.7114307284355164,0.2868798077106476,0.6199408173561096,0.26552465558052063,0.5978707671165466,0.2678883671760559,0.6912469267845154,0.28212597966194153,0.7340784668922424,0.25163763761520386,0.6453125476837158,0.23272311687469482,0.6184874773025513,0.24087586998939514,0.6856671571731567,0.2566888928413391,0.7220143675804138
0.3408452272415161,0.8258122801780701,0.3865152597427368,0.7968444228172302,0.42329031229019165,0.7266209721565247,0.4190524220466614,0.6416184306144714,0.39003652334213257,0.5954058170318604,0.41891980171203613,0.5907799005508423,0.43559297919273376,0.47403329610824585,0.43861058354377747,0.39822667837142944,0.44227978587150574,0.33886346220970154,0.38223814964294434,0.587000846862793,0.3787245750427246,0.5073074102401733,0.36519894003868103,0.5948776006698608,0.36806079745292664,0.6533796191215515,0.3476569950580597,0.59695965051651,0.3378950357437134,0.5571187734603882,0.33511796593666077,0.6355075836181641,0.34265848994255066,0.6790996193885803,0.3141513466835022,0.6160000562667847,0.3053491711616516,0.5732481479644775,0.310242623090744,0.6270284652709961,0.32037562131881714,0.6634665727615356
0.2813292443752289,0.8760636448860168,0.3285163640975952,0.8445246815681458,0.3696609139442444,0.7678589224815369,0.35670074820518494,0.687626838684082,0.3130464255809784,0.6496792435646057,0.35298576951026917,0.6106258034706116,0.3641297221183777,0.467305064201355,0.36325007677078247,0.38098499178886414,0.3642968535423279,0.3080521523952484,0.3093562722206116,0.6108314394950867,0.29188868403434753,0.5391501188278198,0.2790474593639374,0.6450641751289368,0.2844626307487488,0.7094983458518982,0.2695208787918091,0.6271979212760925,0.24624980986118317,0.5966830849647522,0.2482253462076187,0.6918010711669922,0.2619840204715729,0.73906010389328,0.2329641878604889,0.6554006338119507,0.21212910115718842,0.6216223239898682,0.22166620194911957,0.6889438033103943,0.23861736059188843,0.7283684611320496
0.28241166472435,0.8820347189903259,0.33020657300949097,0.8451635241508484,0.369955837726593,0.7662733793258667,0.354049414396286,0.6853604316711426,0.3073764443397522,0.6510066986083984,0.3515268564224243,0.606934130191803,0.3620355427265167,0.4688155949115753,0.36108413338661194,0.3817189633846283,0.3614944815635681,0.3089459240436554,0.3062037527561188,0.6084005236625671,0.29064062237739563,0.5371910929679871,0.27971339225769043,0.6458258032798767,0.28521695733070374,0.7086418271064758,0.2652835547924042,0.625789225101471,0.24358244240283966,0.5940614938735962,0.24732522666454315,0.6920796036720276,0.26053258776664734,0.7395809888839722,0.22754330933094025,0.6560189127922058,0.2072940468788147,0.6217196583747864,0.21913212537765503,0.69024658203125,0.23678138852119446,0.7284212112426758
0.33471596240997314,0.8342244625091553,0.3790794014930725,0.8048228025436401,0.41682761907577515,0.7308303713798523,0.41156184673309326,0.6436952352523804,0.37902751564979553,0.5991244912147522,0.4110582768917084,0.5900459885597229,0.4256197214126587,0.47268858551979065,0.42859309911727905,0.3963417708873749,0.43190333247184753,0.33425241708755493,0.37320202589035034,0.5859151482582092,0.36874932050704956,0.510013997554779,0.3569376468658447,0.5998513102531433,0.358181893825531,0.6610404253005981,0.337236225605011,0.5982661843299866,0.32776740193367004,0.5563784837722778,0.32586708664894104,0.637025773525238,0.33107560873031616,0.6845799088478088,0.3022307753562927,0.6218609809875488,0.2947668433189392,0.5767768621444702,0.3002110719680786,0.6317257881164551,0.30829736590385437,0.6697988510131836
0.3015493154525757,0.8623993396759033,0.3483142554759979,0.8379254341125488,0.39011630415916443,0.7638002038002014,0.37961259484291077,0.6842808723449707,0.33997032046318054,0.6468737721443176,0.3759618103504181,0.6094987988471985,0.38890573382377625,0.47703829407691956,0.3890593647956848,0.39559757709503174,0.39065366983413696,0.32636046409606934,0.33380991220474243,0.6071568131446838,0.3201117217540741,0.5413652062416077,0.3083671033382416,0.6415932774543762,0.3137807548046112,0.7045741677284241,0.2956177592277527,0.6220011115074158,0.2764603793621063,0.5979500412940979,0.2769334018230438,0.6859084963798523,0.28877609968185425,0.7300209999084473,0.2612308859825134,0.6497572064399719,0.24317246675491333,0.6176304817199707,0.2503059506416321,0.6797391176223755,0.26523536443710327,0.7175015807151794
0.3578510880470276,0.7983124852180481,0.40027686953544617,0.782334566116333,0.4397020637989044,0.7112645506858826,0.4445640742778778,0.6281959414482117,0.4159998595714569,0.586776614189148,0.4382273256778717,0.585318386554718,0.45440152287483215,0.4817832410335541,0.4608306884765625,0.4099057614803314,0.4647543728351593,0.3540613055229187,0.40335047245025635,0.578168511390686,0.4018556475639343,0.5009537935256958,0.38882580399513245,0.5833234786987305,0.38910573720932007,0.6363486051559448,0.3706909120082855,0.5830046534538269,0.3637729585170746,0.5344916582107544,0.3599364757537842,0.6117359399795532,0.3640102744102478,0.655085027217865,0.33788302540779114,0.5989993810653687,0.3338882625102997,0.5535438060760498,0.33568328619003296,0.6080326437950134,0.34053707122802734,0.6443116068840027
0.29022371768951416,0.8754256367683411,0.33770641684532166,0.8430064916610718,0.37944430112838745,0.7613487839698792,0.36617520451545715,0.6819091439247131,0.32367143034935,0.6458922028541565,0.363650918006897,0.6065990328788757,0.3755904734134674,0.4689745306968689,0.37514060735702515,0.38763052225112915,0.37672528624534607,0.31819024682044983,0.3204203248023987,0.6055824160575867,0.3029615581035614,0.5404776334762573,0.2909392714500427,0.6477190256118774,0.2959996461868286,0.7130094766616821,0.28124067187309265,0.6208440661430359,0.25872042775154114,0.5990830659866333,0.2614437937736511,0.6951324939727783,0.27491334080696106,0.7414881587028503,0.24627771973609924,0.6487664580345154,0.22619430720806122,0.6193438768386841,0.23452188074588776,0.6888280510902405,0.25025036931037903,0.7288366556167603
0.37116536498069763,0.8150181174278259,0.41506272554397583,0.7982399463653564,0.45433324575424194,0.7306678891181946,0.4575575888156891,0.6509817838668823,0.4269692599773407,0.6115913391113281,0.45128339529037476,0.6075272560119629,0.46743863821029663,0.505210816860199,0.4746556878089905,0.43397778272628784,0.47810807824134827,0.37751099467277527,0.41657233238220215,0.5999452471733093,0.4166877567768097,0.5256813764572144,0.4052424430847168,0.6055859923362732,0.40368691086769104,0.6579999327659607,0.3836159408092499,0.6048161387443542,0.37926411628723145,0.5574952363967896,0.3777482509613037,0.6332612633705139,0.37971511483192444,0.6766089200973511,0.3506641983985901,0.6210517287254333,0.34840288758277893,0.575786292552948,0.3525467813014984,0.6267277002334595,0.3562125265598297,0.6607311367988586
0.36667871475219727,0.8119775056838989,0.4108544886112213,0.7998031973838806,0.4516463279724121,0.7301313281059265,0.45372986793518066,0.6480168700218201,0.42262205481529236,0.6110672950744629,0.44717681407928467,0.6066998243331909,0.4644808769226074,0.5006778240203857,0.4723433256149292,0.43005797266960144,0.475921094417572,0.3722416162490845,0.4129185378551483,0.5977038145065308,0.4132622480392456,0.5219260454177856,0.40195518732070923,0.602807343006134,0.4000145494937897,0.6570561528205872,0.3802255094051361,0.6021925806999207,0.37497398257255554,0.5563049912452698,0.37326890230178833,0.6328712701797485,0.3757097125053406,0.6771932244300842,0.3471592664718628,0.6180528998374939,0.34481051564216614,0.5734354853630066,0.34805238246917725,0.6269642114639282,0.35197994112968445,0.6626805067062378
0.28552594780921936,0.8747214674949646,0.33298301696777344,0.8432011008262634,0.3760250508785248,0.7645239233970642,0.3604362905025482,0.6854744553565979,0.31626081466674805,0.6500160694122314,0.35848233103752136,0.6077609062194824,0.3706207573413849,0.4689021408557892,0.3696669638156891,0.3839418292045593,0.3708191514015198,0.31254497170448303,0.3145144283771515,0.6071543097496033,0.2969989478588104,0.5388008952140808,0.28639742732048035,0.6460957527160645,0.2942563593387604,0.7051839828491211,0.2746380865573883,0.622418224811554,0.25073951482772827,0.5972273945808411,0.2550743520259857,0.6922879219055176,0.2712309658527374,0.7334156036376953,0.23765523731708527,0.6496349573135376,0.21691693365573883,0.6205574870109558,0.22719384729862213,0.6886449456214905,0.24486340582370758,0.7240315079689026
0.3612454831600189,0.7920611500740051,0.4035798907279968,0.7751655578613281,0.44293680787086487,0.7080773711204529,0.4483308792114258,0.6257291436195374,0.4210089445114136,0.5847306847572327,0.4405450224876404,0.5869576334953308,0.45785456895828247,0.48247072100639343,0.46461424231529236,0.41229140758514404,0.4690280556678772,0.3561157286167145,0.4061938524246216,0.5786648988723755,0.40585583448410034,0.5019505023956299,0.3928883373737335,0.5815633535385132,0.3928751051425934,0.6339719891548157,0.37354496121406555,0.5822767019271851,0.36838898062705994,0.5320261716842651,0.3646296560764313,0.6073619723320007,0.36801987886428833,0.6518589854240417,0.34119167923927307,0.5986796617507935,0.33796000480651855,0.551497220993042,0.34025606513023376,0.6036378145217896,0.3443443179130554,0.6417418718338013
0.29684126377105713,0.8303719162940979,0.34021082520484924,0.7948973178863525,0.37888726592063904,0.7164071202278137,0.3648131191730499,0.6420120596885681,0.32384541630744934,0.6048116087913513,0.3650709092617035,0.5760157108306885,0.3751993775367737,0.4444592595100403,0.3747396469116211,0.36665573716163635,0.37629419565200806,0.2995685040950775,0.324837863445282,0.5751027464866638,0.3064294755458832,0.5127379298210144,0.29744860529899597,0.6039515733718872,0.3040183186531067,0.6636344194412231,0.2880983054637909,0.590552568435669,0.26586854457855225,0.5682399868965149,0.269750714302063,0.6501854658126831,0.2831343114376068,0.6928109526634216,0.25457480549812317,0.6170215010643005,0.2338656336069107,0.5875558853149414,0.24264828860759735,0.6448565721511841,0.2580393850803375,0.6816303133964539
0.2821374535560608,0.8809674382209778,0.33001989126205444,0.8443846702575684,0.3701474964618683,0.7663668394088745,0.35494959354400635,0.6849696040153503,0.3079407215118408,0.6478045582771301,0.35225582122802734,0.6070107817649841,0.3626401126384735,0.4693409204483032,0.361576646566391,0.3822247385978699,0.3616882264614105,0.30946388840675354,0.3071005046367645,0.6075830459594727,0.2902504801750183,0.5381749868392944,0.27934420108795166,0.6479159593582153,0.2854628562927246,0.7103404998779297,0.26606518030166626,0.623842179775238,0.24285349249839783,0.5938021540641785,0.24645942449569702,0.6923444271087646,0.26031336188316345,0.7385619282722473,0.22827839851379395,0.6521677374839783,0.20747552812099457,0.6195940971374512,0.21841003000736237,0.689011812210083,0.23580053448677063,0.7264677286148071
0.3655408024787903,0.7892898917198181,0.409201443195343,0.7689434885978699,0.4464610815048218,0.7046372294425964,0.45120400190353394,0.6242634654045105,0.4258265495300293,0.5812473893165588,0.4449555575847626,0.5847117304801941,0.46210893988609314,0.48328667879104614,0.469512403011322,0.4138709604740143,0.4736788868904114,0.35907429456710815,0.410573810338974,0.5767835974693298,0.41123950481414795,0.5007063150405884,0.398907870054245,0.5790976881980896,0.3984493017196655,0.6298167109489441,0.37797555327415466,0.5813658237457275,0.37453338503837585,0.5297152996063232,0.371366024017334,0.6047385931015015,0.3742530643939972,0.6481614708900452,0.34563183784484863,0.6001557111740112,0.34342512488365173,0.5507790446281433,0.3465118706226349,0.6015066504478455,0.35036560893058777,0.6381111145019531
0.3644818067550659,0.7884687781333923,0.4057202637195587,0.7744001746177673,0.44578856229782104,0.7061499357223511,0.4506397545337677,0.6234755516052246,0.4241730570793152,0.5813963413238525,0.4441480338573456,0.5852945446968079,0.4615709185600281,0.4823158085346222,0.4683181941509247,0.41212934255599976,0.472957968711853,0.3582631051540375,0.40976861119270325,0.5768201351165771,0.4096226990222931,0.4990273714065552,0.3975902497768402,0.5769051909446716,0.39827853441238403,0.6287716627120972,0.37763798236846924,0.5809824466705322,0.37183406949043274,0.5316600799560547,0.3683478832244873,0.6056356430053711,0.3723534941673279,0.6492310166358948,0.3454475998878479,0.5956234931945801,0.3420451581478119,0.5500950813293457,0.344209223985672,0.6019647121429443,0.34923532605171204,0.6373921632766724
0.2821684181690216,0.8777270317077637,0.3289840817451477,0.8443848490715027,0.37079504132270813,0.7669755816459656,0.35751113295555115,0.6864542365074158,0.3130221366882324,0.6481436491012573,0.3534242510795593,0.6073307991027832,0.3657390773296356,0.46719062328338623,0.36483871936798096,0.3806478977203369,0.36574122309684753,0.309015154838562,0.30971264839172363,0.6081463098526001,0.29262977838516235,0.5382977724075317,0.2806151509284973,0.6496371626853943,0.2870921492576599,0.7095208764076233,0.2696990668773651,0.6245104074478149,0.2464849054813385,0.5951484441757202,0.24927407503128052,0.6933466196060181,0.2636811137199402,0.7364183664321899,0.23224316537380219,0.6527851223945618,0.2120467722415924,0.6208558082580566,0.22171775996685028,0.6903713941574097,0.23841378092765808,0.7270944714546204
0.2888871729373932,0.8346472978591919,0.3337192237377167,0.7968662977218628,0.3706425428390503,0.7173868417739868,0.35296201705932617,0.6443208456039429,0.31177428364753723,0.6093648672103882,0.3552200198173523,0.576077401638031,0.3653520345687866,0.44314131140708923,0.3647787868976593,0.3643954396247864,0.3655413091182709,0.2966417968273163,0.3145514726638794,0.5756912231445312,0.29537367820739746,0.5104612112045288,0.28915950655937195,0.6013601422309875,0.2970758378505707,0.6599043607711792,0.2775213122367859,0.5924190878868103,0.25474295020103455,0.570850133895874,0.2612345814704895,0.6521100997924805,0.2754082977771759,0.6929850578308105,0.24354426562786102,0.6197048425674438,0.22298572957515717,0.5911375284194946,0.2334001511335373,0.6489992737770081,0.2491643726825714,0.6843218207359314
0.38145196437835693,0.8169383406639099,0.4266582131385803,0.803764283657074,0.46691498160362244,0.7393759489059448,0.4755690097808838,0.6572480201721191,0.4464329183101654,0.6127758622169495,0.4646672010421753,0.6132675409317017,0.4813293218612671,0.5118493437767029,0.4889645278453827,0.44050851464271545,0.49145373702049255,0.3858538568019867,0.4300852417945862,0.6043521761894226,0.43084993958473206,0.530164361000061,0.41994795203208923,0.6122570633888245,0.4178082048892975,0.6665858030319214,0.3975841701030731,0.607941746711731,0.39403092861175537,0.559503436088562,0.3930066227912903,0.6372450590133667,0.39430561661720276,0.6833524703979492,0.3645741939544678,0.6209957599639893,0.36386293172836304,0.5784116387367249,0.3679131269454956,0.6319431066513062,0.3718080520629883,0.6673303842544556
0.30955421924591064,0.9285120964050293,0.3597973585128784,0.9004599452018738,0.40237560868263245,0.8314839601516724,0.39381203055381775,0.7471956610679626,0.35252201557159424,0.7024989128112793,0.38898566365242004,0.6564426422119141,0.40451961755752563,0.5211226344108582,0.407452255487442,0.4317763149738312,0.4091450572013855,0.3627605736255646,0.34392085671424866,0.6581771969795227,0.3361048400402069,0.5874695777893066,0.32546499371528625,0.7021684646606445,0.3312946557998657,0.7618101835250854,0.30373242497444153,0.672646164894104,0.28762608766555786,0.64473956823349,0.29151007533073425,0.7455979585647583,0.30460482835769653,0.7898846864700317,0.2673368752002716,0.6990318298339844,0.25261926651000977,0.6631290912628174,0.26301002502441406,0.7367122769355774,0.2773227393627167,0.7764496803283691
0.3160480260848999,0.9143838286399841,0.364763468503952,0.8907713294029236,0.4063272774219513,0.8186768293380737,0.40077295899391174,0.7343332171440125,0.3622804582118988,0.6858346462249756,0.39438387751579285,0.6492063999176025,0.4107644855976105,0.5180495977401733,0.4130827486515045,0.4319855570793152,0.41503652930259705,0.36304742097854614,0.35123586654663086,0.6489330530166626,0.34337353706359863,0.5761184692382812,0.3318699598312378,0.6862177848815918,0.3372575640678406,0.7490171790122986,0.31154704093933105,0.6631640791893005,0.2963522672653198,0.6334702968597412,0.29897117614746094,0.7315109968185425,0.3114898204803467,0.7775702476501465,0.2751311659812927,0.6881894469261169,0.2630499303340912,0.6541388630867004,0.2722642719745636,0.7262012958526611,0.2866307497024536,0.7653547525405884
0.31316298246383667,0.9207618832588196,0.3635319769382477,0.8931006789207458,0.40511539578437805,0.8236730694770813,0.39976251125335693,0.7378455400466919,0.3595264256000519,0.6889832019805908,0.3942425549030304,0.6502026915550232,0.4098369777202606,0.5200608968734741,0.4137016832828522,0.43147408962249756,0.41582047939300537,0.3632969856262207,0.3498304486274719,0.6492182612419128,0.34463784098625183,0.5787565112113953,0.33121198415756226,0.687494695186615,0.33232682943344116,0.7516745328903198,0.30950698256492615,0.6646931767463684,0.2960999608039856,0.6318060755729675,0.29779914021492004,0.7276082038879395,0.307243674993515,0.7777496576309204,0.27277863025665283,0.6933220624923706,0.26122885942459106,0.6578460335731506,0.2712474465370178,0.7264201045036316,0.28427547216415405,0.76604825258255
0.3093555271625519,0.9284600615501404,0.35994648933410645,0.9002228379249573,0.40051373839378357,0.8328413367271423,0.3934367597103119,0.7500906586647034,0.3536941111087799,0.7049753069877625,0.3880319595336914,0.656734049320221,0.402824729681015,0.5214372277259827,0.4065350592136383,0.43167105317115784,0.4088558852672577,0.3623947203159332,0.34259888529777527,0.657883882522583,0.3350270390510559,0.5866057276725769,0.3242695927619934,0.6996482014656067,0.3287232220172882,0.7624244689941406,0.30204975605010986,0.6740991473197937,0.28628990054130554,0.642399787902832,0.29032549262046814,0.7424399852752686,0.3022973835468292,0.7905208468437195,0.26574981212615967,0.7030184268951416,0.2509501576423645,0.6654143929481506,0.2620837092399597,0.7379693984985352,0.2768722474575043,0.7780429720878601
0.380683571100235,0.8230429291725159,0.42584481835365295,0.8053911924362183,0.4668119549751282,0.74158775806427,0.4740375876426697,0.6581472754478455,0.4441724419593811,0.6130386590957642,0.46469610929489136,0.6134032011032104,0.4813809096813202,0.5122075080871582,0.4882098138332367,0.44073033332824707,0.4900510013103485,0.3852469325065613,0.4295649230480194,0.6043068170547485,0.4305168092250824,0.5287925601005554,0.4213114380836487,0.6127479672431946,0.4200150668621063,0.6655903458595276,0.39680370688438416,0.609106719493866,0.3929986357688904,0.5604506134986877,0.3932153284549713,0.6396293640136719,0.39445918798446655,0.6843768358230591,0.3631015419960022,0.6235478520393372,0.3630279302597046,0.5794354677200317,0.36791810393333435,0.6336023211479187,0.3711160123348236,0.6684620976448059
0.3174498677253723,0.9110593795776367,0.3667145371437073,0.8835448622703552,0.4079756438732147,0.8145112991333008,0.40353235602378845,0.7273370623588562,0.3647818863391876,0.6814265251159668,0.3960011899471283,0.6464276313781738,0.41262203454971313,0.5170304775238037,0.41567462682724,0.43125292658805847,0.41809287667274475,0.3632536232471466,0.35291311144828796,0.6462500095367432,0.34757763147354126,0.5754234790802002,0.3362812101840973,0.6859071254730225,0.34151986241340637,0.7454935908317566,0.3134573996067047,0.6599282622337341,0.30068010091781616,0.6270501017570496,0.3027515709400177,0.7235979437828064,0.3144982159137726,0.7698668241500854,0.27796798944473267,0.6862879395484924,0.2663121819496155,0.6484426259994507,0.275889128446579,0.7192569375038147,0.28939658403396606,0.7597126960754395
0.31051105260849,0.9265286326408386,0.3616897463798523,0.898053765296936,0.4050459861755371,0.8280942440032959,0.3968479335308075,0.7452223896980286,0.35455983877182007,0.7029894590377808,0.3906775116920471,0.6569027900695801,0.40668192505836487,0.5212637782096863,0.41006383299827576,0.4319033920764923,0.4122467339038849,0.36232584714889526,0.3463025689125061,0.6576274633407593,0.34016671776771545,0.5849589109420776,0.3272785246372223,0.6955270171165466,0.33075466752052307,0.7582287788391113,0.30653539299964905,0.6728658676147461,0.2914213538169861,0.6422896385192871,0.29325810074806213,0.7411837577819824,0.3045958876609802,0.7881284952163696,0.27021777629852295,0.7004731893539429,0.2560984790325165,0.6646155118942261,0.2659892737865448,0.736291229724884,0.280498743057251,0.7759202718734741
0.31258851289749146,0.9281207919120789,0.3634517788887024,0.8959442377090454,0.4054569602012634,0.8267045617103577,0.39689984917640686,0.7442221641540527,0.35601499676704407,0.698523998260498,0.392956405878067,0.6579707860946655,0.40945863723754883,0.5205620527267456,0.4121510088443756,0.4333769381046295,0.41451066732406616,0.3623720705509186,0.3484916687011719,0.6578248739242554,0.34261205792427063,0.5842480659484863,0.329159677028656,0.6960877180099487,0.33289194107055664,0.7612274289131165,0.30789846181869507,0.672931432723999,0.29408735036849976,0.6428033709526062,0.2952161431312561,0.7423227429389954,0.3065941631793976,0.7922646403312683,0.27165913581848145,0.7009857296943665,0.25885429978370667,0.6613473296165466,0.2682653069496155,0.7340050339698792,0.2825770080089569,0.777758777141571
0.32094258069992065,0.9073132276535034,0.3705143630504608,0.8768518567085266,0.4111662209033966,0.8084399700164795,0.4054349660873413,0.7258508801460266,0.3680464029312134,0.6817057728767395,0.39906060695648193,0.6445349454879761,0.4155988395214081,0.5123862028121948,0.4184505045413971,0.4291149377822876,0.4208407998085022,0.3608904480934143,0.35639688372612,0.6424356698989868,0.350478857755661,0.5728440284729004,0.3378198444843292,0.6814839243888855,0.34220924973487854,0.7430339455604553,0.3168618381023407,0.6563467979431152,0.3042367398738861,0.6273983716964722,0.30497273802757263,0.7221760153770447,0.31653687357902527,0.7677412629127502,0.28220486640930176,0.6841304302215576,0.26948997378349304,0.6489690542221069,0.27837419509887695,0.716829240322113,0.2924937605857849,0.7560153603553772
0.3315449357032776,0.8838496804237366,0.3780324161052704,0.865490198135376,0.4205603003501892,0.7896372675895691,0.4184878468513489,0.7019595503807068,0.38175082206726074,0.6594212651252747,0.4138004183769226,0.6353517174720764,0.42833539843559265,0.5145857334136963,0.43438759446144104,0.42936810851097107,0.4364173412322998,0.3641297519207001,0.3731330931186676,0.6299505233764648,0.36951178312301636,0.5590158700942993,0.35714802145957947,0.6586977243423462,0.35712674260139465,0.7180178761482239,0.33574941754341125,0.6412152647972107,0.32476457953453064,0.6030139327049255,0.32597124576568604,0.693281888961792,0.33220115303993225,0.7407379746437073,0.29776325821876526,0.6650117635726929,0.28973278403282166,0.6296369433403015,0.2980009913444519,0.6946083903312683,0.3080267608165741,0.7308565378189087
0.30820488929748535,0.9315016865730286,0.3592226207256317,0.900910496711731,0.4012630879878998,0.8324888348579407,0.39310184121131897,0.7491995692253113,0.3517436981201172,0.7048929929733276,0.3876008987426758,0.6573988199234009,0.4027579426765442,0.5213401317596436,0.40649881958961487,0.43170803785324097,0.4090157151222229,0.36172646284103394,0.3421943187713623,0.658635675907135,0.33521953225135803,0.5861943364143372,0.3242482841014862,0.7004806995391846,0.32912391424179077,0.7613010406494141,0.30171191692352295,0.6748018264770508,0.2860060930252075,0.6424048542976379,0.290123850107193,0.743025541305542,0.3025928735733032,0.7888267040252686,0.26535263657569885,0.704406201839447,0.2497614473104477,0.6645035743713379,0.2617480158805847,0.7365094423294067,0.276996374130249,0.7761892676353455
0.3100157678127289,0.9305542707443237,0.36092042922973633,0.8989532589912415,0.40123844146728516,0.833389401435852,0.39338845014572144,0.7507643699645996,0.35347139835357666,0.7068454623222351,0.3883095383644104,0.6586121916770935,0.4030602276325226,0.522110104560852,0.40670356154441833,0.43302077054977417,0.40886056423187256,0.3634633719921112,0.34298595786094666,0.6598919034004211,0.3358874022960663,0.588289737701416,0.32515084743499756,0.7027921676635742,0.3301686942577362,0.7632169723510742,0.3024425506591797,0.6755227446556091,0.28683000802993774,0.6432846784591675,0.29089638590812683,0.7440991401672363,0.3035072982311249,0.7913567423820496,0.2668229639530182,0.7049437761306763,0.25142356753349304,0.6659419536590576,0.26287147402763367,0.7378502488136292,0.27782142162323,0.7784265875816345
0.3298132121562958,0.8915561437606812,0.37702977657318115,0.8654543161392212,0.419435977935791,0.7932184934616089,0.4162524938583374,0.7098913192749023,0.38029971718788147,0.663077712059021,0.4094027280807495,0.6323584318161011,0.4256105422973633,0.5114457011222839,0.4300966262817383,0.4283688962459564,0.4327593147754669,0.3627132475376129,0.3671610653400421,0.6296195983886719,0.3642268776893616,0.5583646893501282,0.35177451372146606,0.6602497696876526,0.35294222831726074,0.7235627174377441,0.3289563059806824,0.6435673832893372,0.3182404041290283,0.6087456345558167,0.31916019320487976,0.6986914277076721,0.3273412883281708,0.7458685636520386,0.29232001304626465,0.6697146892547607,0.2842477858066559,0.634211003780365,0.29275184869766235,0.699122965335846,0.3038891851902008,0.7362419962882996
0.30871060490608215,0.9310190677642822,0.3587518036365509,0.9003773927688599,0.39999625086784363,0.8353935480117798,0.3941975235939026,0.7494213581085205,0.3538215458393097,0.7022214531898499,0.38854753971099854,0.6583647727966309,0.4040099084377289,0.5238553285598755,0.40698450803756714,0.43396687507629395,0.4083690047264099,0.3652125597000122,0.3439907729625702,0.660237729549408,0.33671990036964417,0.5894267559051514,0.32527685165405273,0.7047519683837891,0.3304978907108307,0.7629242539405823,0.3036750257015228,0.6752468347549438,0.28848716616630554,0.6435372233390808,0.2916495203971863,0.7442029714584351,0.30387333035469055,0.7895817160606384,0.2678791880607605,0.703942060470581,0.25250694155693054,0.6654787659645081,0.26340627670288086,0.736834704875946,0.27771294116973877,0.7771980166435242
0.3210567831993103,0.9010849595069885,0.3718359172344208,0.8707748055458069,0.41372057795524597,0.8014164566993713,0.40830838680267334,0.7173104286193848,0.3709449768066406,0.6706020832061768,0.4020730257034302,0.6382895708084106,0.41937506198883057,0.509874701499939,0.4224705398082733,0.4256696403026581,0.4247358441352844,0.3595636785030365,0.3598771393299103,0.6367962956428528,0.3551611304283142,0.5682361721992493,0.34218451380729675,0.6746440529823303,0.34609970450401306,0.7341687083244324,0.320834219455719,0.649865448474884,0.30929505825042725,0.6204352974891663,0.3094133138656616,0.7133006453514099,0.3197672665119171,0.7575520277023315,0.28495216369628906,0.6752479076385498,0.2746328115463257,0.6431720852851868,0.28251326084136963,0.7102705836296082,0.2952215373516083,0.747068464756012
0.36259785294532776,0.8264481425285339,0.406867116689682,0.8140546679496765,0.4476897418498993,0.7467489838600159,0.45054706931114197,0.6641870737075806,0.4191409945487976,0.6220797300338745,0.4435015618801117,0.6142920851707458,0.4593873620033264,0.5052371621131897,0.46621808409690857,0.4285009205341339,0.46885737776756287,0.36803996562957764,0.40645018219947815,0.6051348447799683,0.40544044971466064,0.532920241355896,0.39411818981170654,0.6196730136871338,0.3927055299282074,0.6767105460166931,0.3723269999027252,0.6112845540046692,0.36612993478775024,0.5667662024497986,0.36517298221588135,0.645901620388031,0.3677997887134552,0.6923494935035706,0.3375973403453827,0.6288963556289673,0.3349900245666504,0.589015007019043,0.3401060998439789,0.6433927416801453,0.34546521306037903,0.6773622632026672
0.3634357154369354,0.8250907063484192,0.40870994329452515,0.812133252620697,0.4505852460861206,0.7454135417938232,0.45363733172416687,0.6620767116546631,0.4230985641479492,0.6212204694747925,0.44578588008880615,0.6137067675590515,0.46193593740463257,0.5033929347991943,0.4689566493034363,0.4282488226890564,0.4717913568019867,0.36860406398773193,0.40974777936935425,0.6046278476715088,0.4099423885345459,0.5320463180541992,0.3977893888950348,0.6189759373664856,0.39607930183410645,0.674220085144043,0.3756832778453827,0.6103988289833069,0.36971598863601685,0.5645008683204651,0.3684598505496979,0.6441876292228699,0.3715532720088959,0.6887309551239014,0.3408636748790741,0.6284297704696655,0.33821338415145874,0.5873897671699524,0.3431031107902527,0.6414393782615662,0.3480013310909271,0.6744862198829651
0.32711857557296753,0.8944604992866516,0.37374231219291687,0.8722781538963318,0.4158238470554352,0.7999889850616455,0.4132886230945587,0.7152981162071228,0.3773197829723358,0.666154682636261,0.4053815007209778,0.6365954875946045,0.4219522774219513,0.5132052302360535,0.42659392952919006,0.4283895492553711,0.42914822697639465,0.362135112285614,0.3631209433078766,0.6338757276535034,0.35898828506469727,0.5614446997642517,0.3475343585014343,0.6635002493858337,0.34941014647483826,0.7287985682487488,0.32449445128440857,0.6475232839584351,0.3122573494911194,0.6144635081291199,0.3145444691181183,0.7055272459983826,0.32378846406936646,0.7548179030418396,0.28716927766799927,0.6726797819137573,0.27841809391975403,0.6399016380310059,0.2876082956790924,0.7060195803642273,0.300082802772522,0.7437424063682556
0.3090594708919525,0.9339584708213806,0.35989683866500854,0.9006705284118652,0.399978905916214,0.8351147770881653,0.39269569516181946,0.7498531937599182,0.35271549224853516,0.7027981281280518,0.3881295323371887,0.6597059369087219,0.4038330614566803,0.5237289071083069,0.4070221185684204,0.4344142973423004,0.4088878035545349,0.36530032753944397,0.343569815158844,0.6618757843971252,0.33675041794776917,0.5890586376190186,0.3252308964729309,0.7038570046424866,0.33061930537223816,0.7621031999588013,0.3031569719314575,0.6772099733352661,0.28792786598205566,0.6446245908737183,0.2914653420448303,0.7452667355537415,0.3041013181209564,0.7901816368103027,0.2676067054271698,0.7070220112800598,0.25147125124931335,0.6664250493049622,0.26321741938591003,0.7372224926948547,0.278151273727417,0.7781194448471069
0.27048105001449585,0.6782070398330688,0.31463131308555603,0.6055618524551392,0.3384110629558563,0.5078760385513306,0.3558780550956726,0.43650689721107483,0.3698726296424866,0.3697130084037781,0.28095129132270813,0.4161421060562134,0.3314859867095947,0.3111770451068878,0.357281893491745,0.24229414761066437,0.37176287174224854,0.1787441372871399,0.2685336768627167,0.4441871643066406,0.33819037675857544,0.35408610105514526,0.3828636705875397,0.31066077947616577,0.41351863741874695,0.2672835886478424,0.27021631598472595,0.4913649260997772,0.36528366804122925,0.45835375785827637,0.4189886748790741,0.4494730532169342,0.4500434994697571,0.42559829354286194,0.2817634046077728,0.5433125495910645,0.3557201027870178,0.556865394115448,0.3545739948749542,0.5912771821022034,0.3386736810207367,0.601120114326477
0.25556620955467224,0.7053282260894775,0.299466997385025,0.6257622838020325,0.3120882213115692,0.5201734304428101,0.30033648014068604,0.4618493616580963,0.28789961338043213,0.41728758811950684,0.231472909450531,0.4214428961277008,0.2724221646785736,0.29935014247894287,0.29030388593673706,0.22314415872097015,0.3003963828086853,0.1549181491136551,0.20452715456485748,0.4495891034603119,0.2607666254043579,0.3488720655441284,0.2986564040184021,0.28083518147468567,0.32435718178749084,0.2158450186252594,0.19350512325763702,0.5015296339988708,0.27852773666381836,0.48771926760673523,0.3005273640155792,0.5257611274719238,0.300474613904953,0.5383826494216919,0.19815148413181305,0.5632228255271912,0.2746870219707489,0.5735698342323303,0.2889110743999481,0.6156251430511475,0.2825815975666046,0.6339944005012512
0.2554601728916168,0.710579514503479,0.302791953086853,0.6377442479133606,0.3198307752609253,0.533329963684082,0.3011918365955353,0.4844544231891632,0.279972642660141,0.46679452061653137,0.2416415810585022,0.4220031499862671,0.2792547643184662,0.30726462602615356,0.29758957028388977,0.23238854110240936,0.30744487047195435,0.16666577756404877,0.2136191427707672,0.44761812686920166,0.26136717200279236,0.3519327640533447,0.2977442443370819,0.28785741329193115,0.32341116666793823,0.22924703359603882,0.19907362759113312,0.49831175804138184,0.2798044681549072,0.4643923044204712,0.33012300729751587,0.4452391266822815,0.3578687906265259,0.4098813831806183,0.19878150522708893,0.5608730912208557,0.275820791721344,0.5765194892883301,0.2915327250957489,0.6095989346504211,0.28797975182533264,0.6198827028274536
0.2657874524593353,0.699334979057312,0.3111419081687927,0.6339206695556641,0.330130398273468,0.5382885336875916,0.31514304876327515,0.4866393208503723,0.2930816113948822,0.46337080001831055,0.2520137131214142,0.426019549369812,0.29000601172447205,0.3142164945602417,0.31053730845451355,0.23830309510231018,0.3232882022857666,0.1729462891817093,0.2249741107225418,0.4467597007751465,0.2720969617366791,0.35496804118156433,0.3077778220176697,0.2934533655643463,0.3340710699558258,0.2369876503944397,0.21057865023612976,0.4923897385597229,0.2939564287662506,0.46596628427505493,0.3458743989467621,0.45141321420669556,0.37666165828704834,0.4208720922470093,0.2099986970424652,0.5530535578727722,0.2828899621963501,0.5711524486541748,0.29832732677459717,0.6023611426353455,0.297768235206604,0.612122654914856
0.25000065565109253,0.7041340470314026,0.29651516675949097,0.6285276412963867,0.31473255157470703,0.5272056460380554,0.29820236563682556,0.4787464439868927,0.27575236558914185,0.4641602039337158,0.23122140765190125,0.4207494854927063,0.27000564336776733,0.30143967270851135,0.2880212962627411,0.22337302565574646,0.29793447256088257,0.15466466546058655,0.20465654134750366,0.4475081264972687,0.2538534700870514,0.3483718931674957,0.2903071641921997,0.2811020016670227,0.3177894949913025,0.2190275937318802,0.19176755845546722,0.4966641664505005,0.2750209867954254,0.4589200019836426,0.3308064043521881,0.4287720322608948,0.3664747178554535,0.3838105797767639,0.1927395910024643,0.5567538142204285,0.26592475175857544,0.5679781436920166,0.28613272309303284,0.5955403447151184,0.290647953748703,0.6024471521377563
0.26330217719078064,0.6869463324546814,0.31030479073524475,0.6152085065841675,0.3276900351047516,0.5106897354125977,0.32782185077667236,0.43281659483909607,0.3294377326965332,0.3618277609348297,0.2623569369316101,0.41875502467155457,0.3111009895801544,0.3111478388309479,0.3358524441719055,0.23556439578533173,0.3482130765914917,0.1682216078042984,0.24634231626987457,0.4396390914916992,0.3135738968849182,0.3428058326244354,0.35565128922462463,0.292001873254776,0.3816050589084625,0.24181337654590607,0.2443469762802124,0.4854097068309784,0.33992964029312134,0.44612249732017517,0.3934544324874878,0.42960241436958313,0.42127886414527893,0.3933565020561218,0.25288382172584534,0.5416039824485779,0.33237919211387634,0.5589889287948608,0.3369147777557373,0.5970885753631592,0.3224961459636688,0.6083168983459473
0.2789284884929657,0.6897939443588257,0.3219433128833771,0.6295744776725769,0.3421610891819,0.5362473726272583,0.3452736437320709,0.47754213213920593,0.34242895245552063,0.43479329347610474,0.270999938249588,0.42748573422431946,0.31522631645202637,0.3229411244392395,0.33925727009773254,0.25282546877861023,0.3539383113384247,0.19213265180587769,0.2517632842063904,0.442671000957489,0.3066636323928833,0.34929436445236206,0.3434886336326599,0.29110872745513916,0.3695952594280243,0.23498786985874176,0.2440621703863144,0.4850517809391022,0.32879573106765747,0.45628786087036133,0.3761521279811859,0.43935665488243103,0.4027395248413086,0.4047326445579529,0.24711042642593384,0.5422161221504211,0.3180646300315857,0.5654257535934448,0.3299214541912079,0.593633770942688,0.3261108100414276,0.5969664454460144
0.24920246005058289,0.7050700783729553,0.29570651054382324,0.6297910213470459,0.31139299273490906,0.5274736285209656,0.29384538531303406,0.4774489104747772,0.2700679898262024,0.4563131332397461,0.22908586263656616,0.42488402128219604,0.2688234746456146,0.301798015832901,0.2866141200065613,0.22431357204914093,0.29634904861450195,0.15546521544456482,0.2022240310907364,0.4510623514652252,0.25196316838264465,0.35175368189811707,0.2881079316139221,0.2832944095134735,0.314636766910553,0.2198491245508194,0.18942195177078247,0.5010170936584473,0.2747744023799896,0.46185317635536194,0.3245871961116791,0.44078850746154785,0.3517376482486725,0.4025132358074188,0.19130945205688477,0.5607489347457886,0.2693760395050049,0.5712467432022095,0.28636467456817627,0.604759931564331,0.2846340239048004,0.6155065298080444
0.2497771829366684,0.7055791616439819,0.29793789982795715,0.6278384923934937,0.31139835715293884,0.5228509902954102,0.29088541865348816,0.47039514780044556,0.26735132932662964,0.4451000988483429,0.23198136687278748,0.4252851605415344,0.27003732323646545,0.3016752600669861,0.28698328137397766,0.22404788434505463,0.29652339220046997,0.1545782834291458,0.2036581188440323,0.4494492709636688,0.2534663677215576,0.3489348292350769,0.2897513508796692,0.2807707190513611,0.31643977761268616,0.21819181740283966,0.18975599110126495,0.4975859224796295,0.2713712751865387,0.4610331654548645,0.3217508792877197,0.4313663840293884,0.3510335385799408,0.38612520694732666,0.19064247608184814,0.5571912527084351,0.2679829001426697,0.5743067264556885,0.28731635212898254,0.6010311245918274,0.28879380226135254,0.6048913598060608
0.2730693817138672,0.6930010914802551,0.31798985600471497,0.6296946406364441,0.3369435966014862,0.534838855266571,0.325926810503006,0.47528311610221863,0.31349995732307434,0.43880242109298706,0.2656405568122864,0.4229971766471863,0.3029851019382477,0.31511279940605164,0.32348525524139404,0.24269990622997284,0.33606159687042236,0.17952752113342285,0.24074384570121765,0.44103723764419556,0.2875937521457672,0.3548761010169983,0.32239118218421936,0.2959575951099396,0.3482345640659332,0.24098961055278778,0.22708365321159363,0.4853312373161316,0.3071425259113312,0.4617517292499542,0.3595482110977173,0.44414228200912476,0.3928755819797516,0.4094729423522949,0.22582398355007172,0.5457130670547485,0.29714640974998474,0.5698995590209961,0.31243735551834106,0.5993274450302124,0.3123193383216858,0.6055994629859924
0.29465728998184204,0.6952011585235596,0.34163397550582886,0.6272205114364624,0.35991543531417847,0.5242138504981995,0.3580768406391144,0.4588248133659363,0.35738468170166016,0.41552475094795227,0.29756709933280945,0.42212992906570435,0.3431360423564911,0.326617032289505,0.36740854382514954,0.26177287101745605,0.3824693560600281,0.20279912650585175,0.2793842554092407,0.4392291307449341,0.3372288644313812,0.3546304702758789,0.37470710277557373,0.303401917219162,0.4003886580467224,0.25123828649520874,0.2717962861061096,0.4812852740287781,0.3538975417613983,0.456181138753891,0.4010528028011322,0.4427260756492615,0.42762789130210876,0.41066625714302063,0.27458009123802185,0.5381819605827332,0.34676772356033325,0.5580393075942993,0.35832828283309937,0.590641975402832,0.35416215658187866,0.5990576148033142
0.2580731213092804,0.7027046084403992,0.30665677785873413,0.6294285655021667,0.3240061402320862,0.5260366201400757,0.3166012167930603,0.46550309658050537,0.3127479553222656,0.4209533929824829,0.2435639202594757,0.41707363724708557,0.2857169508934021,0.30142897367477417,0.30636996030807495,0.22592249512672424,0.3172784745693207,0.1582905799150467,0.21835370361804962,0.44280028343200684,0.2722908556461334,0.34405410289764404,0.30990070104599,0.28078728914260864,0.3354355990886688,0.21991318464279175,0.20865388214588165,0.49339908361434937,0.29790881276130676,0.4540727734565735,0.35248154401779175,0.43741464614868164,0.3818497061729431,0.4006045162677765,0.21236026287078857,0.5523316264152527,0.29177072644233704,0.5649725794792175,0.305132120847702,0.6003440022468567,0.2988510727882385,0.6101711988449097
0.2551954984664917,0.7064931392669678,0.30619874596595764,0.6262025833129883,0.3224516212940216,0.5228298902511597,0.30559787154197693,0.4730664789676666,0.28872227668762207,0.45111462473869324,0.23828060925006866,0.4151066541671753,0.2777128517627716,0.3027905821800232,0.2963610887527466,0.22621306777000427,0.30782243609428406,0.15833181142807007,0.21300531923770905,0.4416927695274353,0.2662009298801422,0.3453327417373657,0.3034234046936035,0.2772583067417145,0.33076509833335876,0.21261556446552277,0.20166513323783875,0.49306029081344604,0.2861964702606201,0.4535363018512726,0.33874860405921936,0.4295703172683716,0.3702623248100281,0.38953930139541626,0.20315709710121155,0.5559125542640686,0.2774060368537903,0.567713737487793,0.2943137586116791,0.5967586040496826,0.29408392310142517,0.6031522154808044
0.29996779561042786,0.6955733895301819,0.3491297662258148,0.6276043057441711,0.3669935464859009,0.5284395813941956,0.364808052778244,0.4639047682285309,0.36558660864830017,0.4198494851589203,0.3081408143043518,0.423855185508728,0.3532507121562958,0.3267568051815033,0.3761150538921356,0.2619641125202179,0.3894805312156677,0.20387236773967743,0.2892634868621826,0.4389926493167877,0.34643346071243286,0.35448580980300903,0.3827522397041321,0.30317115783691406,0.40638813376426697,0.25198274850845337,0.28127944469451904,0.4793344736099243,0.36229392886161804,0.45722028613090515,0.4085240364074707,0.4425753355026245,0.43419262766838074,0.41103458404541016,0.28433701395988464,0.5347794890403748,0.3575485646724701,0.5590136051177979,0.3677333891391754,0.5931665897369385,0.3623977601528168,0.6032673120498657
0.2636425495147705,0.6928290724754333,0.3090131878852844,0.619560956954956,0.3242453932762146,0.5183609127998352,0.3115482032299042,0.45302000641822815,0.2973105013370514,0.4052346646785736,0.24969202280044556,0.4139435589313507,0.2902738153934479,0.30250978469848633,0.31223201751708984,0.22485491633415222,0.32347041368484497,0.15705910325050354,0.2271757870912552,0.43846723437309265,0.27947860956192017,0.3418748676776886,0.315887987613678,0.2793894112110138,0.33981284499168396,0.22145545482635498,0.21766343712806702,0.4882674515247345,0.3002091944217682,0.4534200131893158,0.3587435483932495,0.4311802089214325,0.3958486318588257,0.39193838834762573,0.22020313143730164,0.5505937933921814,0.2908843755722046,0.5654517412185669,0.3059389591217041,0.5939268469810486,0.3050038814544678,0.5998629331588745
0.2899845540523529,0.6973097324371338,0.3379802405834198,0.6298527121543884,0.35579192638397217,0.5295115113258362,0.34898316860198975,0.46664273738861084,0.3408387303352356,0.43062180280685425,0.29161861538887024,0.41868212819099426,0.33520907163619995,0.32327619194984436,0.3582015335559845,0.25734585523605347,0.372130423784256,0.1968069225549698,0.2717078626155853,0.43670132756233215,0.3265722095966339,0.34994935989379883,0.363393634557724,0.29890018701553345,0.3888985216617584,0.2479543685913086,0.26297473907470703,0.48019883036613464,0.3444126844406128,0.44972917437553406,0.39377090334892273,0.42213135957717896,0.42407527565956116,0.37535494565963745,0.26532572507858276,0.5391187071800232,0.3384172022342682,0.5589513778686523,0.3480820953845978,0.5919081568717957,0.3420960307121277,0.599527895450592
0.2754018306732178,0.6765250563621521,0.2893848121166229,0.5918879508972168,0.3258184492588043,0.5135578513145447,0.3707910180091858,0.48352205753326416,0.39780014753341675,0.46227866411209106,0.31366467475891113,0.42205584049224854,0.372346431016922,0.3357606530189514,0.3983234167098999,0.2741018533706665,0.4145042896270752,0.2164572775363922,0.3152967691421509,0.45508015155792236,0.3921705484390259,0.38724109530448914,0.43889790773391724,0.3512710630893707,0.4739019572734833,0.3153286874294281,0.3236125409603119,0.504302442073822,0.4223687946796417,0.4869420528411865,0.4637111723423004,0.48104503750801086,0.48755207657814026,0.4627281427383423,0.33714431524276733,0.5576839447021484,0.39942458271980286,0.582116961479187,0.3881915807723999,0.6044201850891113,0.37203285098075867,0.6011085510253906
0.26576459407806396,0.6856920719146729,0.2807895243167877,0.6046568751335144,0.3119989335536957,0.5190867185592651,0.35213997960090637,0.47735315561294556,0.38011494278907776,0.4497239291667938,0.29901978373527527,0.4263024926185608,0.3548511862754822,0.3322949707508087,0.3816659450531006,0.26645317673683167,0.39703649282455444,0.20582349598407745,0.2957525849342346,0.46000927686691284,0.37412604689598083,0.3861567974090576,0.42260053753852844,0.34573182463645935,0.4566125273704529,0.3061756193637848,0.3033139407634735,0.5115455985069275,0.4026174545288086,0.4905236065387726,0.4531845152378082,0.480777382850647,0.48331475257873535,0.45844632387161255,0.3161892592906952,0.5682879090309143,0.3860030174255371,0.5839543342590332,0.37842434644699097,0.6088892221450806,0.360022634267807,0.6126013398170471
0.2815524935722351,0.6985250115394592,0.3305502235889435,0.6353703737258911,0.34910881519317627,0.5368477702140808,0.3451116979122162,0.47765612602233887,0.33661985397338867,0.44683387875556946,0.2830824851989746,0.4236373007297516,0.32509300112724304,0.32264694571495056,0.34693366289138794,0.25315627455711365,0.36045247316360474,0.19002626836299896,0.2631874978542328,0.44072097539901733,0.3165481388568878,0.3489949405193329,0.35289067029953003,0.291959285736084,0.3781529366970062,0.23530615866184235,0.2546771764755249,0.48413723707199097,0.3415459990501404,0.45191067457199097,0.39041194319725037,0.4352806806564331,0.41673189401626587,0.3986257016658783,0.2574286460876465,0.5418287515640259,0.3338056802749634,0.560100257396698,0.342794805765152,0.5967212319374084,0.3335297107696533,0.6063480973243713
0.26748934388160706,0.682290256023407,0.31249645352363586,0.6192041635513306,0.3294677436351776,0.526667594909668,0.3155622184276581,0.46944040060043335,0.2980062663555145,0.4303583800792694,0.25942957401275635,0.41246673464775085,0.29994991421699524,0.3063037395477295,0.3207235634326935,0.23124046623706818,0.3327533006668091,0.16459393501281738,0.23695722222328186,0.43583565950393677,0.28975629806518555,0.3442171514034271,0.32764536142349243,0.28384116291999817,0.35600605607032776,0.22791066765785217,0.22713305056095123,0.4838261306285858,0.31160038709640503,0.4489864706993103,0.37051281332969666,0.42145946621894836,0.4099122881889343,0.38069021701812744,0.2295229285955429,0.5442798733711243,0.29989251494407654,0.557811439037323,0.3132116198539734,0.5892893075942993,0.3116661310195923,0.5980033874511719
0.33058762550354004,0.6983979344367981,0.3740479052066803,0.6329218745231628,0.39542701840400696,0.5522211194038391,0.4072705805301666,0.49339354038238525,0.41228383779525757,0.45160284638404846,0.3547687530517578,0.4427471458911896,0.4020625650882721,0.3528299927711487,0.42567896842956543,0.2976642847061157,0.4398351013660431,0.24638791382312775,0.3390659689903259,0.4662671387195587,0.40407687425613403,0.39932703971862793,0.44407081604003906,0.36305320262908936,0.47003957629203796,0.32554104924201965,0.33555540442466736,0.5088313817977905,0.41861188411712646,0.497374951839447,0.45577576756477356,0.5037602186203003,0.47207656502723694,0.4923754036426544,0.34212401509284973,0.5591709613800049,0.4099961221218109,0.5812493562698364,0.40836063027381897,0.6108641624450684,0.39267730712890625,0.6162335872650146
0.2854205071926117,0.6900339722633362,0.33076125383377075,0.6144123673439026,0.35171180963516235,0.5216294527053833,0.36421477794647217,0.4613034725189209,0.3741646111011505,0.4108155369758606,0.2913933992385864,0.4320931136608124,0.338234543800354,0.33304232358932495,0.3612467646598816,0.26479390263557434,0.3752690851688385,0.2028207778930664,0.27447137236595154,0.4579898715019226,0.33741721510887146,0.37324783205986023,0.3791123926639557,0.3275628089904785,0.408375084400177,0.28189417719841003,0.2714616060256958,0.5032692551612854,0.3605191707611084,0.47283491492271423,0.4092748165130615,0.4593811333179474,0.4360373914241791,0.4281579256057739,0.28002747893333435,0.5559077858924866,0.3520299196243286,0.5700428485870361,0.3555283546447754,0.6005510687828064,0.3438502550125122,0.6061857342720032
0.3333165645599365,0.6945244073867798,0.38721469044685364,0.6356797218322754,0.40740323066711426,0.543346107006073,0.40507692098617554,0.47866562008857727,0.39852988719940186,0.44065454602241516,0.3615550994873047,0.4360468089580536,0.40960168838500977,0.34952378273010254,0.4327397048473358,0.292440801858902,0.44791001081466675,0.2401277720928192,0.34200191497802734,0.4495304524898529,0.4050358533859253,0.3812168538570404,0.44458481669425964,0.33853068947792053,0.4698006808757782,0.2984556555747986,0.33375284075737,0.4854377806186676,0.4082922637462616,0.481206476688385,0.41807428002357483,0.523694634437561,0.4101821184158325,0.5337531566619873,0.33783504366874695,0.5349563956260681,0.40780267119407654,0.5741806626319885,0.40281420946121216,0.6176732778549194,0.3829660415649414,0.6282376646995544
0.29735100269317627,0.7157482504844666,0.35458382964134216,0.6443082690238953,0.37518391013145447,0.549369752407074,0.37759554386138916,0.47816750407218933,0.3783175051212311,0.42613640427589417,0.32399168610572815,0.4359463155269623,0.37280386686325073,0.3352726101875305,0.3974851965904236,0.27267101407051086,0.41326823830604553,0.21391013264656067,0.3054020404815674,0.44681021571159363,0.37223365902900696,0.3722490966320038,0.40862521529197693,0.32382771372795105,0.43152672052383423,0.27622437477111816,0.2979033589363098,0.48342129588127136,0.3779658377170563,0.5000584721565247,0.3803550899028778,0.5553142428398132,0.36645999550819397,0.5801867246627808,0.30220112204551697,0.537895679473877,0.3729778826236725,0.571631908416748,0.3728863298892975,0.6171069741249084,0.35791194438934326,0.6340422034263611
0.30738794803619385,0.7088194489479065,0.3617669939994812,0.6388355493545532,0.38360631465911865,0.5430092811584473,0.3862862288951874,0.4714584946632385,0.3883680999279022,0.4168662130832672,0.3354761302471161,0.43059858679771423,0.3823135495185852,0.3366405665874481,0.40701761841773987,0.27711722254753113,0.42235127091407776,0.2220819890499115,0.3152849078178406,0.44296059012413025,0.3796086013317108,0.37064340710639954,0.4173552393913269,0.32553383708000183,0.44039419293403625,0.28068432211875916,0.30516594648361206,0.4816508889198303,0.3832090497016907,0.4931172728538513,0.38832807540893555,0.5454962253570557,0.37659943103790283,0.5668975114822388,0.3072046935558319,0.5388241410255432,0.37833184003829956,0.5669600963592529,0.3798249363899231,0.6103799939155579,0.3656423091888428,0.6265177130699158
0.33490678668022156,0.6926970481872559,0.38940852880477905,0.6351179480552673,0.40820005536079407,0.5431972742080688,0.405087947845459,0.47559458017349243,0.4000946581363678,0.4318891763687134,0.3634715974330902,0.43921634554862976,0.4084736704826355,0.35261350870132446,0.43050748109817505,0.29498136043548584,0.4443835914134979,0.24258193373680115,0.3433992266654968,0.4506034851074219,0.4070620536804199,0.379711776971817,0.44485458731651306,0.3343676030635834,0.46808791160583496,0.29194366931915283,0.3340097665786743,0.4844537675380707,0.4082094728946686,0.4830477833747864,0.4147495925426483,0.5272533893585205,0.40360888838768005,0.5381356477737427,0.33720144629478455,0.5321638584136963,0.4077054560184479,0.5745918154716492,0.40258651971817017,0.6187113523483276,0.38137301802635193,0.6285277009010315
0.2693043649196625,0.7011013031005859,0.3126687705516815,0.6250066161155701,0.3297955095767975,0.5281533598899841,0.33440130949020386,0.4609863758087158,0.3389282822608948,0.40152111649513245,0.26641830801963806,0.4339265823364258,0.3107756972312927,0.3254564106464386,0.3339326083660126,0.25116950273513794,0.34763461351394653,0.18612520396709442,0.24844026565551758,0.4599002003669739,0.30813103914260864,0.3661957383155823,0.3501947820186615,0.3156924545764923,0.37968263030052185,0.2677884101867676,0.243599534034729,0.5086354613304138,0.33430570363998413,0.4750995635986328,0.38178128004074097,0.4670222997665405,0.4054337739944458,0.44074392318725586,0.25025057792663574,0.5665419101715088,0.32658058404922485,0.5731241703033447,0.33595752716064453,0.6035217642784119,0.32669490575790405,0.6111186742782593
0.3304085433483124,0.6954851746559143,0.37100452184677124,0.6317582130432129,0.3945671617984772,0.5503427386283875,0.41070589423179626,0.49467143416404724,0.41907909512519836,0.4570101499557495,0.3541104197502136,0.4460827112197876,0.40211349725723267,0.35448047518730164,0.42583099007606506,0.29941415786743164,0.44023773074150085,0.2487737387418747,0.33879226446151733,0.4695287048816681,0.40530675649642944,0.40262892842292786,0.44691234827041626,0.3679625988006592,0.4740142822265625,0.3320545554161072,0.3367259204387665,0.5107067823410034,0.4185871481895447,0.49899622797966003,0.4479343593120575,0.5149851441383362,0.45616865158081055,0.5106751322746277,0.34529581665992737,0.5579754710197449,0.41288673877716064,0.5832442045211792,0.4080527424812317,0.6140556335449219,0.3895246088504791,0.618009090423584
0.25726258754730225,0.6955209374427795,0.29432305693626404,0.6140333414077759,0.30883246660232544,0.5126046538352966,0.31383922696113586,0.44404497742652893,0.3210902810096741,0.3809087872505188,0.23659072816371918,0.43575605750083923,0.28109240531921387,0.3278663754463196,0.30585646629333496,0.2481432855129242,0.31953391432762146,0.1788623332977295,0.21932443976402283,0.4656262993812561,0.2750714123249054,0.36932477355003357,0.31746822595596313,0.3150969445705414,0.3459963798522949,0.2656002342700958,0.21604707837104797,0.5160719156265259,0.29977378249168396,0.4797358810901642,0.3534754812717438,0.45517224073410034,0.3841169476509094,0.41599398851394653,0.22448855638504028,0.5754581689834595,0.29714715480804443,0.5812216997146606,0.3085973560810089,0.6055709719657898,0.3027215003967285,0.6092459559440613
0.32598069310188293,0.6878911852836609,0.3666938245296478,0.6195330619812012,0.3863897919654846,0.5374280214309692,0.3944333791732788,0.47773534059524536,0.39488473534584045,0.43396276235580444,0.344239741563797,0.4373539686203003,0.3877827227115631,0.34298738837242126,0.41030898690223694,0.2831837832927704,0.4237869381904602,0.22900810837745667,0.3253019154071808,0.45769011974334717,0.38825830817222595,0.3904883861541748,0.42915216088294983,0.3508790135383606,0.4564182758331299,0.3111724555492401,0.3194025456905365,0.49789005517959595,0.40932533144950867,0.48949122428894043,0.44601741433143616,0.49302682280540466,0.461185485124588,0.4763898253440857,0.32361817359924316,0.5470393300056458,0.3950013220310211,0.5790506601333618,0.3936671018600464,0.6067799925804138,0.37952494621276855,0.6063384413719177
0.2789686322212219,0.7033717036247253,0.3238714337348938,0.6251155734062195,0.3411124348640442,0.5238581895828247,0.3471704423427582,0.4497826397418976,0.35110294818878174,0.38235345482826233,0.27927541732788086,0.43745100498199463,0.32284456491470337,0.3318021297454834,0.3450511395931244,0.2589426040649414,0.35699573159217834,0.19422578811645508,0.2622591257095337,0.4658747613430023,0.3251130282878876,0.3761177361011505,0.3681487441062927,0.32895079255104065,0.3971531093120575,0.28281134366989136,0.2603684067726135,0.5131536722183228,0.3512166142463684,0.4742390513420105,0.4011041224002838,0.45864200592041016,0.42798522114753723,0.4267127811908722,0.26943448185920715,0.5665973424911499,0.3462255299091339,0.5752366185188293,0.35068297386169434,0.6084867715835571,0.3385770618915558,0.6169979572296143
0.33312568068504333,0.6945064663887024,0.3781905770301819,0.6327020525932312,0.39929354190826416,0.5381790399551392,0.4004850387573242,0.4708688259124756,0.4002799093723297,0.42308756709098816,0.35461440682411194,0.43661051988601685,0.3983568549156189,0.3430364727973938,0.4200858175754547,0.2846832573413849,0.43374887108802795,0.2306608110666275,0.3340328633785248,0.4484439194202423,0.39720574021339417,0.3781490921974182,0.43662333488464355,0.3373907506465912,0.4612438380718231,0.2973315119743347,0.32233577966690063,0.4832037687301636,0.3958338797092438,0.4833478033542633,0.40351155400276184,0.5239826440811157,0.39410388469696045,0.5340268611907959,0.32253026962280273,0.5346974730491638,0.3910950720310211,0.567020058631897,0.38975903391838074,0.6081095337867737,0.3724803924560547,0.6206773519515991
0.3362322151660919,0.6877551674842834,0.3858322203159332,0.6258198618888855,0.40531104803085327,0.5334465503692627,0.4022034704685211,0.4655906856060028,0.39798828959465027,0.4162771999835968,0.36004602909088135,0.43650752305984497,0.4030516743659973,0.3469775915145874,0.42530444264411926,0.2885421812534332,0.439340740442276,0.23603183031082153,0.3396417498588562,0.4476846754550934,0.4006662964820862,0.37672799825668335,0.4395514726638794,0.3317370116710663,0.46387985348701477,0.2906164228916168,0.3290484845638275,0.48115843534469604,0.4017140865325928,0.47872456908226013,0.41403573751449585,0.5170472860336304,0.4088422358036041,0.5271720290184021,0.3306174874305725,0.5303346514701843,0.40016376972198486,0.5662564635276794,0.3987633287906647,0.6072611212730408,0.38214167952537537,0.6203249096870422
0.3355424702167511,0.693405032157898,0.38782352209091187,0.6388561725616455,0.40850943326950073,0.5467073917388916,0.40560925006866455,0.4808252155780792,0.39977383613586426,0.4377301335334778,0.3617846667766571,0.4436660408973694,0.4060342609882355,0.3512642979621887,0.4281143546104431,0.2935962975025177,0.4411921203136444,0.24104319512844086,0.3417138159275055,0.45366233587265015,0.40144532918930054,0.37542474269866943,0.43924733996391296,0.3305320143699646,0.4622589349746704,0.2870486378669739,0.33218294382095337,0.48590412735939026,0.40988555550575256,0.47537609934806824,0.4355774521827698,0.5008878707885742,0.44165468215942383,0.49758702516555786,0.3345203399658203,0.5309791564941406,0.4049425423145294,0.5713577270507812,0.402205228805542,0.6128820180892944,0.38487708568573,0.6220533847808838
0.3191201090812683,0.7009679079055786,0.3677273392677307,0.6366004347801208,0.3896043598651886,0.5412784218788147,0.39428025484085083,0.4701090157032013,0.3981741666793823,0.4167482852935791,0.34199684858322144,0.43256470561027527,0.3888069689273834,0.34171152114868164,0.4120136797428131,0.28022634983062744,0.4264509379863739,0.2242591232061386,0.32270917296409607,0.44545528292655945,0.3901234269142151,0.37636736035346985,0.43070173263549805,0.3367864191532135,0.45604854822158813,0.29513972997665405,0.3131709098815918,0.483351469039917,0.39318642020225525,0.4870993196964264,0.39593780040740967,0.5436524748802185,0.3804924488067627,0.5646342039108276,0.3153570890426636,0.5395647287368774,0.3888740539550781,0.5699592232704163,0.38797080516815186,0.614324688911438,0.36996880173683167,0.6277473568916321
0.28419971466064453,0.7030655741691589,0.3303610682487488,0.6234623789787292,0.3481106460094452,0.5260130167007446,0.35578596591949463,0.4561070501804352,0.3607025146484375,0.3967374265193939,0.28865525126457214,0.43530115485191345,0.33370423316955566,0.3306441307067871,0.35438093543052673,0.2622244656085968,0.36660152673721313,0.19857876002788544,0.27169954776763916,0.4646071493625641,0.33632469177246094,0.37564709782600403,0.37772679328918457,0.33349481225013733,0.40550696849823,0.28892695903778076,0.26981574296951294,0.5114548206329346,0.36086246371269226,0.4737936556339264,0.4062592685222626,0.46833106875419617,0.4283033013343811,0.44472962617874146,0.27885565161705017,0.5637606382369995,0.35451915860176086,0.5733193159103394,0.35758134722709656,0.6081063747406006,0.3442571759223938,0.6156858801841736
0.33287477493286133,0.697166383266449,0.3759848475456238,0.6281341910362244,0.39624521136283875,0.545584499835968,0.40535062551498413,0.4844174087047577,0.4083220064640045,0.4409606456756592,0.35222455859184265,0.4427049160003662,0.3980858027935028,0.3501598536968231,0.4209425449371338,0.2914654612541199,0.43506529927253723,0.23841455578804016,0.3357364237308502,0.4641183614730835,0.4013122618198395,0.39582401514053345,0.44232475757598877,0.36005571484565735,0.46970832347869873,0.32358863949775696,0.33247482776641846,0.5053769946098328,0.41830989718437195,0.494780570268631,0.45618730783462524,0.5007834434509277,0.473036527633667,0.48835524916648865,0.3395937979221344,0.5544421672821045,0.40771445631980896,0.5802167654037476,0.405857652425766,0.6082558035850525,0.390546590089798,0.6108525395393372
0.2692466974258423,0.6764806509017944,0.3010549545288086,0.6073954105377197,0.3170524537563324,0.5170948505401611,0.328008770942688,0.45604977011680603,0.33838191628456116,0.3981805145740509,0.25203490257263184,0.4322662055492401,0.29658836126327515,0.32977035641670227,0.3216698467731476,0.2535252869129181,0.33683234453201294,0.18865109980106354,0.23603735864162445,0.45916318893432617,0.2905815839767456,0.36961624026298523,0.3319574296474457,0.3173793852329254,0.36115241050720215,0.27068614959716797,0.23265214264392853,0.5071344375610352,0.31600603461265564,0.48068296909332275,0.363166868686676,0.4651193618774414,0.3871018588542938,0.4341553747653961,0.23947849869728088,0.5652296543121338,0.3098318874835968,0.5789317488670349,0.31973639130592346,0.6041486263275146,0.31170007586479187,0.606889545917511
0.2203097939491272,0.7352217435836792,0.2630545496940613,0.641117513179779,0.2755710780620575,0.5246096253395081,0.2710839509963989,0.4625459909439087,0.26715752482414246,0.42267030477523804,0.19219918549060822,0.44328534603118896,0.23682206869125366,0.32572147250175476,0.25618600845336914,0.24255478382110596,0.26474514603614807,0.16742578148841858,0.17142918705940247,0.4803140461444855,0.2240922749042511,0.37338513135910034,0.2641318440437317,0.31182220578193665,0.2903766930103302,0.24950721859931946,0.16760186851024628,0.5345734357833862,0.2551461458206177,0.47505030035972595,0.31420907378196716,0.4553198516368866,0.3471454083919525,0.4151374101638794,0.1777261644601822,0.5933241844177246,0.25742846727371216,0.589661180973053,0.2727454602718353,0.6240119934082031,0.26865488290786743,0.6320252418518066
0.316194623708725,0.6951448321342468,0.36134475469589233,0.6257567405700684,0.3811516761779785,0.538553774356842,0.3907797038555145,0.475109338760376,0.39522767066955566,0.42798179388046265,0.3326665163040161,0.4396074712276459,0.37923088669776917,0.3421494662761688,0.4033605456352234,0.2807198464870453,0.41719016432762146,0.22690242528915405,0.3170663118362427,0.46210333704948425,0.3835063576698303,0.39138340950012207,0.42498117685317993,0.3508836328983307,0.4514084458351135,0.309844434261322,0.3147621154785156,0.5015345215797424,0.4045570492744446,0.482602059841156,0.44550955295562744,0.4828541874885559,0.4644266664981842,0.4652126133441925,0.3227079212665558,0.5488643050193787,0.3943493664264679,0.5735862255096436,0.3944147527217865,0.6006326675415039,0.38149863481521606,0.6025922894477844
0.28791818022727966,0.6932767629623413,0.33381253480911255,0.628620445728302,0.35260388255119324,0.5334383845329285,0.3498251736164093,0.46861517429351807,0.34451553225517273,0.42177337408065796,0.2939465045928955,0.42606255412101746,0.3398585915565491,0.32696810364723206,0.36333945393562317,0.25639018416404724,0.3760423958301544,0.19260597229003906,0.27543696761131287,0.446526437997818,0.3355606496334076,0.3579116761684418,0.37340426445007324,0.3076554834842682,0.39778661727905273,0.2579791843891144,0.2671070396900177,0.4918426275253296,0.351165235042572,0.4620237350463867,0.4012196362018585,0.44314026832580566,0.4307089149951935,0.40397733449935913,0.2690598666667938,0.55081707239151,0.342529833316803,0.5672641396522522,0.35426345467567444,0.600335419178009,0.3497042655944824,0.609908401966095
0.31626635789871216,0.698209822177887,0.36673420667648315,0.6324539184570312,0.38969069719314575,0.5352652668952942,0.39248883724212646,0.46634799242019653,0.39476579427719116,0.4169132113456726,0.3409723937511444,0.4305902123451233,0.38717329502105713,0.33672913908958435,0.40992867946624756,0.27531516551971436,0.4236793518066406,0.21758656203746796,0.32265254855155945,0.4399030804634094,0.38697507977485657,0.37014397978782654,0.42550787329673767,0.32885512709617615,0.44957828521728516,0.2846407890319824,0.31383535265922546,0.4746169447898865,0.39074820280075073,0.48465660214424133,0.3927571177482605,0.5427918434143066,0.377826452255249,0.5639389157295227,0.3169490694999695,0.5288585424423218,0.38748905062675476,0.5663490295410156,0.38483911752700806,0.6134560108184814,0.3666812479496002,0.6277890801429749
0.24397775530815125,0.7092840671539307,0.27805042266845703,0.6119141578674316,0.29156213998794556,0.5020397305488586,0.2954495847225189,0.4340369999408722,0.29221493005752563,0.3781724274158478,0.21181070804595947,0.43441784381866455,0.2522275149822235,0.31686365604400635,0.27161335945129395,0.23244096338748932,0.2810179889202118,0.1558605581521988,0.18997250497341156,0.4776763319969177,0.24792687594890594,0.3768160045146942,0.29310518503189087,0.31762775778770447,0.3229954242706299,0.26213324069976807,0.18913008272647858,0.5377001762390137,0.28714630007743835,0.48542243242263794,0.34034520387649536,0.46286073327064514,0.36409619450569153,0.42312026023864746,0.20033946633338928,0.5953641533851624,0.289477676153183,0.598609209060669,0.2956698536872864,0.6277171969413757,0.28076082468032837,0.6310993432998657
0.23931275308132172,0.7206134796142578,0.26908236742019653,0.6251847743988037,0.28314828872680664,0.5118124485015869,0.2915271520614624,0.4423539936542511,0.2928427755832672,0.3830198049545288,0.20532970130443573,0.44321221113204956,0.24815793335437775,0.3209255337715149,0.2680298686027527,0.23451372981071472,0.2778293192386627,0.15707512199878693,0.1860121339559555,0.4836939573287964,0.2461533546447754,0.383305162191391,0.2904002070426941,0.32042425870895386,0.31976407766342163,0.2608315050601959,0.1866791546344757,0.5407918691635132,0.28844186663627625,0.4959140717983246,0.3348104953765869,0.48550376296043396,0.3512341380119324,0.45802244544029236,0.19796818494796753,0.5978268384933472,0.2877011001110077,0.6076152920722961,0.2914111912250519,0.6385915279388428,0.27447009086608887,0.6421154141426086
0.30636030435562134,0.7012385725975037,0.3610970079898834,0.6374806761741638,0.3825701177120209,0.541598379611969,0.38687992095947266,0.4722108244895935,0.3900057077407837,0.4228070080280304,0.3350816071033478,0.42634135484695435,0.38107287883758545,0.33075860142707825,0.4053057134151459,0.27319401502609253,0.42005282640457153,0.21982809901237488,0.31500959396362305,0.4358607828617096,0.3749575614929199,0.3597426414489746,0.41066864132881165,0.30990251898765564,0.43195840716362,0.2620813846588135,0.3048045337200165,0.47223082184791565,0.3835674524307251,0.47665178775787354,0.3960072994232178,0.5224672555923462,0.3893771171569824,0.537335991859436,0.3072587549686432,0.5262443423271179,0.3804713487625122,0.5621808171272278,0.38229942321777344,0.607318103313446,0.36752429604530334,0.6216007471084595
0.295746386051178,0.691236138343811,0.341753214597702,0.6193287372589111,0.36049455404281616,0.5262013077735901,0.3569961190223694,0.46872925758361816,0.35015809535980225,0.4352453947067261,0.3077651560306549,0.42344170808792114,0.3494165539741516,0.32803744077682495,0.37230825424194336,0.262977659702301,0.386486291885376,0.20441403985023499,0.28728052973747253,0.44150781631469727,0.344836950302124,0.36088424921035767,0.38328614830970764,0.3104124069213867,0.4101785123348236,0.26255476474761963,0.276630163192749,0.4850240647792816,0.3582586348056793,0.47719496488571167,0.4005180597305298,0.4715363681316376,0.42301666736602783,0.448988676071167,0.27730798721313477,0.5433112978935242,0.3488704264163971,0.5682805776596069,0.362087219953537,0.594560980796814,0.3594181537628174,0.5995683073997498
0.330951988697052,0.6848716735839844,0.3738574683666229,0.620300829410553,0.3927574157714844,0.5398529767990112,0.40022698044776917,0.4783658981323242,0.4002043604850769,0.43191778659820557,0.3505087196826935,0.4405829608440399,0.39612385630607605,0.346850723028183,0.41811496019363403,0.28908297419548035,0.4320421516895294,0.2360990196466446,0.3330202102661133,0.46221885085105896,0.39613252878189087,0.3966276943683624,0.4364052712917328,0.3553851246833801,0.46355628967285156,0.31660667061805725,0.3277346193790436,0.5018296837806702,0.40804657340049744,0.5043587684631348,0.42869678139686584,0.5243576169013977,0.4303646683692932,0.5232735872268677,0.33354172110557556,0.5507834553718567,0.40093812346458435,0.5819686651229858,0.39735403656959534,0.6142138838768005,0.3799382150173187,0.620267391204834
0.21779417991638184,0.7349623441696167,0.254085510969162,0.645917534828186,0.2654443085193634,0.5243391990661621,0.26793915033340454,0.45450279116630554,0.27316179871559143,0.4059300422668457,0.178488090634346,0.45021018385887146,0.22324970364570618,0.33007511496543884,0.2444339394569397,0.2419862151145935,0.2547045946121216,0.1660669893026352,0.16065838932991028,0.4845742881298065,0.21560953557491302,0.3795018792152405,0.25620612502098083,0.3117015063762665,0.282896488904953,0.2453652173280716,0.15950442850589752,0.5355436205863953,0.24643316864967346,0.4790695309638977,0.30381128191947937,0.4580162763595581,0.33479538559913635,0.420090913772583,0.17081305384635925,0.5914068818092346,0.24679483473300934,0.5919539332389832,0.2579898238182068,0.6280032992362976,0.2507374882698059,0.6381211280822754
0.2984548807144165,0.6986019611358643,0.3465423882007599,0.6286138296127319,0.3695726692676544,0.5326918959617615,0.38564473390579224,0.46118369698524475,0.3983061611652374,0.402622252702713,0.31287020444869995,0.4410513639450073,0.3624569773674011,0.33946505188941956,0.3859615623950958,0.27304837107658386,0.3994891345500946,0.21414366364479065,0.29834485054016113,0.46250590682029724,0.36498862504959106,0.3794279098510742,0.4064617156982422,0.33668434619903564,0.434028685092926,0.29645174741744995,0.29774561524391174,0.5011374950408936,0.38770753145217896,0.4721008837223053,0.43661001324653625,0.46045881509780884,0.4641039967536926,0.4349414110183716,0.3073696494102478,0.5484409928321838,0.377472460269928,0.5694414377212524,0.37898170948028564,0.5996533632278442,0.3676329255104065,0.6057509183883667
0.23658333718776703,0.708979070186615,0.2770155370235443,0.6244300007820129,0.29194337129592896,0.5167838335037231,0.2965317964553833,0.4467693567276001,0.3045482039451599,0.3838331401348114,0.21471692621707916,0.4406536817550659,0.25724390149116516,0.3235234022140503,0.277584969997406,0.24155862629413605,0.28770583868026733,0.1714494675397873,0.1928357183933258,0.4737122356891632,0.24534089863300323,0.3710879683494568,0.28582724928855896,0.3117331564426422,0.3130544126033783,0.25759363174438477,0.18893824517726898,0.5251255631446838,0.27552852034568787,0.47308146953582764,0.3340534269809723,0.4507297873497009,0.36767658591270447,0.41345834732055664,0.19866952300071716,0.5810837745666504,0.276046484708786,0.5811761617660522,0.2894138991832733,0.6115164160728455,0.28372129797935486,0.6183757781982422
0.31988903880119324,0.7007638812065125,0.37318453192710876,0.6351491212844849,0.39566969871520996,0.541145384311676,0.39954081177711487,0.4697229266166687,0.40143829584121704,0.41646724939346313,0.3479918837547302,0.4321126639842987,0.39474189281463623,0.3383927345275879,0.41810867190361023,0.28125959634780884,0.4331805109977722,0.22666434943675995,0.3280772864818573,0.4417817294597626,0.392366498708725,0.37362536787986755,0.430538147687912,0.3353484570980072,0.45395123958587646,0.29473164677619934,0.3186105191707611,0.47631898522377014,0.39716821908950806,0.4827364385128021,0.4010097086429596,0.537925660610199,0.38707080483436584,0.5578013062477112,0.32133719325065613,0.5291174650192261,0.39468294382095337,0.566623866558075,0.3929038941860199,0.6147477626800537,0.3746872842311859,0.631045401096344
0.2789487838745117,0.6990162134170532,0.32577359676361084,0.6306023597717285,0.34350866079330444,0.5387157201766968,0.34425732493400574,0.47987309098243713,0.3436378240585327,0.4371674954891205,0.282027006149292,0.4300898015499115,0.3270306885242462,0.32568463683128357,0.34756091237068176,0.25298207998275757,0.3581949770450592,0.18683336675167084,0.26199033856391907,0.45349371433258057,0.32077041268348694,0.3605436384677887,0.3583885133266449,0.3068513572216034,0.3847540616989136,0.254720002412796,0.25555628538131714,0.5008320212364197,0.3448198437690735,0.4634683430194855,0.4018518924713135,0.4437292814254761,0.4372824728488922,0.4067542552947998,0.26088660955429077,0.5568018555641174,0.3342868387699127,0.569048285484314,0.3429252803325653,0.6037363409996033,0.33569324016571045,0.6131287813186646
0.27591753005981445,0.6995285153388977,0.31929418444633484,0.6269818544387817,0.3361665606498718,0.5296563506126404,0.3402899503707886,0.46004703640937805,0.3431304395198822,0.39368298649787903,0.26952919363975525,0.4363567531108856,0.31461232900619507,0.32714956998825073,0.33817628026008606,0.2503853440284729,0.35055628418922424,0.18134646117687225,0.2500186264514923,0.459354966878891,0.3108711242675781,0.36280927062034607,0.35123008489608765,0.3121025562286377,0.3769868016242981,0.26192528009414673,0.24450436234474182,0.5067892670631409,0.33680260181427,0.47265535593032837,0.3895050883293152,0.45453354716300964,0.41718363761901855,0.4165472984313965,0.24972034990787506,0.5641103386878967,0.32869771122932434,0.5776748657226562,0.33680570125579834,0.6107410192489624,0.3258580267429352,0.6180779337882996
0.3325605094432831,0.6860214471817017,0.3830588161945343,0.6246538162231445,0.4025421440601349,0.5277477502822876,0.40202486515045166,0.4582552909851074,0.40194806456565857,0.40581014752388,0.356986939907074,0.43415215611457825,0.39924356341362,0.3433094620704651,0.42070361971855164,0.28512775897979736,0.4329584836959839,0.23249197006225586,0.33608871698379517,0.4459996521472931,0.3953171670436859,0.3692131042480469,0.43114304542541504,0.3216915428638458,0.45210281014442444,0.27647948265075684,0.3252560794353485,0.4801810085773468,0.39938199520111084,0.4760209918022156,0.41305091977119446,0.5123249292373657,0.40766578912734985,0.5173585414886475,0.32650691270828247,0.5282257795333862,0.397118479013443,0.5659832954406738,0.3956656754016876,0.6072709560394287,0.3780284821987152,0.6169712543487549
0.24961893260478973,0.7059957981109619,0.2883532643318176,0.6228110194206238,0.3027186393737793,0.5198616981506348,0.3047425448894501,0.44984889030456543,0.3065849542617798,0.390300989151001,0.2271990180015564,0.4398157596588135,0.26983460783958435,0.3277321457862854,0.29203474521636963,0.24739280343055725,0.30359137058258057,0.17834801971912384,0.20680375397205353,0.46884164214134216,0.2623063921928406,0.36865001916885376,0.30356886982917786,0.3122062683105469,0.33091697096824646,0.2611704468727112,0.20160295069217682,0.5200263261795044,0.2896188497543335,0.4783150553703308,0.3453599512577057,0.4590245187282562,0.376089870929718,0.42366504669189453,0.2093234658241272,0.5794440507888794,0.2868431806564331,0.5826514363288879,0.3009200692176819,0.6108658909797668,0.295209676027298,0.6165372729301453
0.2947613596916199,0.7005032300949097,0.3416397273540497,0.6201553344726562,0.35949718952178955,0.5228465795516968,0.3679458200931549,0.447146475315094,0.3757402002811432,0.3812801241874695,0.3013463318347931,0.4330342411994934,0.34543997049331665,0.33175233006477356,0.36665958166122437,0.2630153298377991,0.37926140427589417,0.2019680142402649,0.28302717208862305,0.46006664633750916,0.34744274616241455,0.3790857493877411,0.38642942905426025,0.33311453461647034,0.41185835003852844,0.28816094994544983,0.2791546881198883,0.5057310461997986,0.36729148030281067,0.46928104758262634,0.4177054464817047,0.4609221816062927,0.4467555582523346,0.4395763874053955,0.28639325499534607,0.5595237612724304,0.359568327665329,0.5701462626457214,0.36554428935050964,0.5995593070983887,0.3570832312107086,0.6064958572387695
0.20913387835025787,0.7246657013893127,0.24829202890396118,0.6315591335296631,0.2620062530040741,0.5177788734436035,0.2659221589565277,0.4572608172893524,0.2682497501373291,0.41018980741500854,0.17397357523441315,0.4441116452217102,0.2147454023361206,0.31669992208480835,0.23041529953479767,0.2314079999923706,0.2373478263616562,0.15483585000038147,0.15079890191555023,0.4804636836051941,0.20256055891513824,0.3791641294956207,0.23924042284488678,0.31142476201057434,0.2638086676597595,0.24470099806785583,0.14642903208732605,0.5333711504936218,0.23666374385356903,0.4760400056838989,0.29434800148010254,0.4546075463294983,0.3248996138572693,0.4152471423149109,0.15508168935775757,0.587461531162262,0.23651893436908722,0.597632884979248,0.24808675050735474,0.6378843188285828,0.2406281977891922,0.6480915546417236
0.23670877516269684,0.723945140838623,0.2697860300540924,0.6228480339050293,0.28218841552734375,0.5153680443763733,0.29236873984336853,0.4466705322265625,0.3021433651447296,0.38432103395462036,0.20214411616325378,0.44425877928733826,0.2428017258644104,0.31903091073036194,0.26126131415367126,0.2303106188774109,0.2698396146297455,0.15254110097885132,0.17910043895244598,0.489493191242218,0.23551835119724274,0.3877391815185547,0.28270357847213745,0.3227221667766571,0.31520316004753113,0.2620532214641571,0.17855580151081085,0.5514249801635742,0.2783883512020111,0.49554723501205444,0.33726292848587036,0.47031015157699585,0.36432963609695435,0.43121057748794556,0.19096942245960236,0.6114369630813599,0.28039219975471497,0.6078453660011292,0.2884505093097687,0.6394520401954651,0.27332714200019836,0.6464953422546387
0.250844269990921,0.7104848623275757,0.2833438515663147,0.6271965503692627,0.29825225472450256,0.5171937942504883,0.3093078136444092,0.4477878212928772,0.31727027893066406,0.3825813829898834,0.22527877986431122,0.4412175118923187,0.26817765831947327,0.32060950994491577,0.2897934317588806,0.23703721165657043,0.3000020384788513,0.16271604597568512,0.20869116485118866,0.4719924032688141,0.26620620489120483,0.3735169768333435,0.3103022575378418,0.3172323703765869,0.33972182869911194,0.26213186979293823,0.209122896194458,0.5223457217216492,0.3039490282535553,0.48536422848701477,0.35288071632385254,0.472073495388031,0.3745705485343933,0.440003901720047,0.22058604657649994,0.5776877999305725,0.30308228731155396,0.593377411365509,0.3074476718902588,0.6243414878845215,0.29257047176361084,0.6284533143043518
0.25943583250045776,0.7040131092071533,0.2921527326107025,0.6183854341506958,0.30610552430152893,0.5165541172027588,0.31563127040863037,0.4474901258945465,0.3230338990688324,0.3823423385620117,0.23412726819515228,0.43906575441360474,0.27657899260520935,0.32283687591552734,0.2968342900276184,0.24109622836112976,0.3068641722202301,0.16965368390083313,0.21621280908584595,0.47191619873046875,0.2748199999332428,0.37329941987991333,0.31768879294395447,0.3156449794769287,0.34676700830459595,0.26074790954589844,0.2152077853679657,0.5244022607803345,0.31110793352127075,0.482176274061203,0.36069366335868835,0.46463632583618164,0.3826814591884613,0.42935794591903687,0.22572770714759827,0.5817491412162781,0.3082476556301117,0.5852320790290833,0.31451845169067383,0.6142504811286926,0.3001106381416321,0.6186192631721497
0.23859791457653046,0.7206973433494568,0.2720879316329956,0.6228110194206238,0.28606757521629333,0.5142200589179993,0.29461246728897095,0.4459506571292877,0.3000403046607971,0.38453030586242676,0.2049373984336853,0.4434766173362732,0.24493151903152466,0.3197471499443054,0.26354384422302246,0.23190994560718536,0.272583931684494,0.15410450100898743,0.18170543015003204,0.48553037643432617,0.23800598084926605,0.3818683326244354,0.2839367091655731,0.3198778033256531,0.3152121305465698,0.26214632391929626,0.1823321431875229,0.5466980934143066,0.2836698889732361,0.49109476804733276,0.3410264253616333,0.46672922372817993,0.36674076318740845,0.4270919859409332,0.19446712732315063,0.6064491271972656,0.28382742404937744,0.6083399057388306,0.28936856985092163,0.6394193768501282,0.2729373872280121,0.6440293788909912
0.21591739356517792,0.7286544442176819,0.253866583108902,0.6381566524505615,0.2643151581287384,0.5190791487693787,0.2615887224674225,0.44965511560440063,0.25851890444755554,0.3926944434642792,0.1792014241218567,0.4474019706249237,0.2195158302783966,0.32183608412742615,0.2389204353094101,0.23614881932735443,0.2479531168937683,0.15991953015327454,0.15595386922359467,0.4812144339084625,0.20958368480205536,0.37490028142929077,0.24776574969291687,0.30913200974464417,0.2717192471027374,0.2435665726661682,0.15044300258159637,0.5338999629020691,0.24420791864395142,0.4820078909397125,0.29736679792404175,0.4696686863899231,0.3216545283794403,0.43535086512565613,0.1580493301153183,0.5906793475151062,0.24161382019519806,0.5960171222686768,0.2529555857181549,0.6362321972846985,0.24319180846214294,0.6474553942680359
0.26005005836486816,0.7063652873039246,0.2936502695083618,0.6167938709259033,0.3119905889034271,0.5063542723655701,0.3227572441101074,0.43174314498901367,0.32944217324256897,0.3634414076805115,0.2338433712720871,0.43935543298721313,0.27763161063194275,0.3260134160518646,0.3008566200733185,0.2433117926120758,0.31332841515541077,0.17187893390655518,0.2149045765399933,0.47413620352745056,0.272785484790802,0.3762781620025635,0.317448228597641,0.3195045292377472,0.34880685806274414,0.26917338371276855,0.21379680931568146,0.5276309847831726,0.3058108985424042,0.49081185460090637,0.36360809206962585,0.4629286527633667,0.3979516923427582,0.4226263761520386,0.22548726201057434,0.5872041583061218,0.30239057540893555,0.6030637621879578,0.3105300962924957,0.6285562515258789,0.302139550447464,0.6289493441581726
0.24647317826747894,0.7160521745681763,0.2794683873653412,0.62818843126297,0.29485568404197693,0.5170925259590149,0.30536729097366333,0.4468550682067871,0.31047582626342773,0.3829038739204407,0.2182258814573288,0.4421061873435974,0.2617066204547882,0.32197558879852295,0.28291428089141846,0.23767444491386414,0.29290372133255005,0.16202129423618317,0.20100116729736328,0.4765702784061432,0.26107364892959595,0.3764246106147766,0.30524471402168274,0.31835275888442993,0.33365896344184875,0.26142922043800354,0.20209676027297974,0.5302372574806213,0.29949715733528137,0.4911165237426758,0.33843404054641724,0.49458757042884827,0.3474730849266052,0.476894736289978,0.21438583731651306,0.5868980884552002,0.3018697202205658,0.595696210861206,0.3050951361656189,0.6307166218757629,0.2859748303890228,0.6390460133552551
0.23339630663394928,0.7328914999961853,0.2663935720920563,0.6349636316299438,0.2783617377281189,0.5210968255996704,0.2837943434715271,0.45187118649482727,0.28454193472862244,0.38868534564971924,0.19758090376853943,0.44814491271972656,0.2375999540090561,0.32103365659713745,0.25627875328063965,0.23312553763389587,0.2646371126174927,0.15346701443195343,0.17487023770809174,0.49364686012268066,0.2320786416530609,0.3900614380836487,0.2793467938899994,0.3289961814880371,0.3106747269630432,0.269663542509079,0.17457081377506256,0.5568295121192932,0.2772418260574341,0.49926409125328064,0.33203476667404175,0.48347747325897217,0.35346585512161255,0.4508189260959625,0.18710918724536896,0.617468535900116,0.2800474464893341,0.6110267639160156,0.2883288562297821,0.64586341381073,0.27201929688453674,0.6554703116416931
0.2320757508277893,0.7348089814186096,0.26746702194213867,0.628588855266571,0.2786268889904022,0.5109383463859558,0.27621570229530334,0.43842995166778564,0.26967790722846985,0.37985876202583313,0.1952318698167801,0.4450143575668335,0.2338879406452179,0.3191375434398651,0.25247722864151,0.23015367984771729,0.26097044348716736,0.15122242271900177,0.17112164199352264,0.49362713098526,0.22845391929149628,0.38875874876976013,0.27478957176208496,0.326790452003479,0.3057427704334259,0.26893916726112366,0.16991391777992249,0.5590693950653076,0.2719815969467163,0.5060319304466248,0.32686129212379456,0.4794130325317383,0.35126540064811707,0.43656566739082336,0.181880921125412,0.6226450204849243,0.2749137580394745,0.6237607002258301,0.28368014097213745,0.6511037349700928,0.2703959345817566,0.6535564661026001
0.2439393848180771,0.7130777835845947,0.27867400646209717,0.6202056407928467,0.29086488485336304,0.5077596306800842,0.2951993942260742,0.4364279806613922,0.2957761287689209,0.37113866209983826,0.2138673961162567,0.43740272521972656,0.2568986117839813,0.31855371594429016,0.2765764892101288,0.2347785234451294,0.2863519489765167,0.1593998223543167,0.1947946399450302,0.476614385843277,0.254339337348938,0.375936359167099,0.2989790141582489,0.3181385397911072,0.32880157232284546,0.2628335654735565,0.1950552761554718,0.5335326790809631,0.2925553619861603,0.4949657917022705,0.32504838705062866,0.4996635913848877,0.3282931447029114,0.4832243025302887,0.20704896748065948,0.5908257365226746,0.2982136905193329,0.598456859588623,0.30080804228782654,0.6319767832756042,0.28021660447120667,0.6392509341239929
0.27260473370552063,0.7040967345237732,0.3116653859615326,0.6273926496505737,0.3278311491012573,0.526987612247467,0.33124595880508423,0.45490047335624695,0.33003926277160645,0.3916206955909729,0.2565154433250427,0.4369543790817261,0.30183741450309753,0.3267834782600403,0.32437968254089355,0.2466404289007187,0.3354622423648834,0.17619378864765167,0.23747381567955017,0.46340784430503845,0.29927051067352295,0.3664562404155731,0.34159618616104126,0.31503087282180786,0.36953264474868774,0.2659549415111542,0.23393508791923523,0.5142133831977844,0.32727137207984924,0.48122698068618774,0.3832302689552307,0.45838069915771484,0.414503276348114,0.4175127446651459,0.24155844748020172,0.5744621753692627,0.318450003862381,0.5902383327484131,0.32502609491348267,0.6190587282180786,0.3140302002429962,0.6209189891815186
0.2603418231010437,0.7049580216407776,0.3000100255012512,0.6185228228569031,0.3149379789829254,0.5190644860267639,0.3190145790576935,0.450033038854599,0.3213895261287689,0.3882884979248047,0.24326123297214508,0.4383649528026581,0.2848254144191742,0.32569828629493713,0.3043460547924042,0.24543458223342896,0.3137151002883911,0.17503903806209564,0.2248925417661667,0.46944427490234375,0.28265050053596497,0.3711487352848053,0.3256947696208954,0.316387414932251,0.355658620595932,0.26412636041641235,0.22320903837680817,0.5187639594078064,0.31624141335487366,0.47561466693878174,0.3724910616874695,0.45029574632644653,0.40442556142807007,0.4100160300731659,0.2332654446363449,0.5736585855484009,0.3100265860557556,0.5828776359558105,0.31706172227859497,0.6122967600822449,0.30705687403678894,0.6164759993553162
0.2453908920288086,0.7169564962387085,0.273391991853714,0.6246704459190369,0.2890225648880005,0.5154491066932678,0.2986893355846405,0.4455118775367737,0.30119746923446655,0.38470590114593506,0.2183493822813034,0.4426327347755432,0.26123830676078796,0.32329854369163513,0.28187862038612366,0.23891445994377136,0.29194968938827515,0.16350477933883667,0.19951990246772766,0.4840388298034668,0.2620556652545929,0.38069605827331543,0.3080635368824005,0.32391631603240967,0.33896347880363464,0.27082204818725586,0.19845804572105408,0.5449635982513428,0.2942599058151245,0.5160930156707764,0.3293515741825104,0.5112494230270386,0.33693692088127136,0.4854379892349243,0.2094951868057251,0.6091494560241699,0.2976299226284027,0.6190343499183655,0.3019905686378479,0.6475703716278076,0.2847287058830261,0.6513112783432007
0.33675527572631836,0.6978421211242676,0.3886548578739166,0.6355907320976257,0.40792590379714966,0.5417910814285278,0.4046081304550171,0.47605639696121216,0.39856353402137756,0.4328061044216156,0.35873448848724365,0.43932467699050903,0.40733230113983154,0.349902480840683,0.43073195219039917,0.29282626509666443,0.44517776370048523,0.23997771739959717,0.3399009108543396,0.45230618119239807,0.4030369818210602,0.3791835606098175,0.44160085916519165,0.334762305021286,0.4652129113674164,0.29317396879196167,0.3320431113243103,0.48602256178855896,0.4081578552722931,0.4787968397140503,0.4193621277809143,0.5207739472389221,0.41241559386253357,0.5315583348274231,0.3371903598308563,0.5336414575576782,0.4075407385826111,0.5748611092567444,0.40231630206108093,0.6176820397377014,0.38253751397132874,0.6278077960014343
0.3366360068321228,0.6855065226554871,0.38758784532546997,0.6252384781837463,0.4067426025867462,0.5320591330528259,0.40432801842689514,0.465785950422287,0.4012591540813446,0.41566523909568787,0.3612257242202759,0.43639716506004333,0.4041137993335724,0.34751906991004944,0.4260560870170593,0.28992873430252075,0.4397645592689514,0.2377372682094574,0.3392004370689392,0.44908925890922546,0.3981991708278656,0.3767734169960022,0.4367118775844574,0.32960712909698486,0.46082401275634766,0.2854408919811249,0.3277764320373535,0.48423081636428833,0.4001536965370178,0.4787106215953827,0.41260719299316406,0.5175294876098633,0.4069635272026062,0.5276522636413574,0.3289937674999237,0.533063530921936,0.3982730805873871,0.5672626495361328,0.397727370262146,0.6070978045463562,0.38165971636772156,0.6178688406944275
0.23962068557739258,0.7325718402862549,0.2728539705276489,0.6332876086235046,0.28519493341445923,0.5211793780326843,0.2892531156539917,0.44572913646698,0.2877933382987976,0.3805405795574188,0.20705267786979675,0.4507509768009186,0.2457038015127182,0.32104748487472534,0.26528242230415344,0.23249855637550354,0.2749754786491394,0.1556704044342041,0.18378515541553497,0.4922991096973419,0.24229443073272705,0.3897169530391693,0.2900428771972656,0.32762905955314636,0.3231324851512909,0.2717936336994171,0.18194103240966797,0.5527023673057556,0.28579476475715637,0.5069957375526428,0.3390219211578369,0.48804882168769836,0.36066198348999023,0.4545363485813141,0.1940411478281021,0.6151555776596069,0.28484007716178894,0.6174181699752808,0.29308807849884033,0.6443648338317871,0.2775611877441406,0.64896559715271
0.26764172315597534,0.6999526619911194,0.30744221806526184,0.6167394518852234,0.3230280578136444,0.5153974294662476,0.328716516494751,0.44356569647789,0.33294692635536194,0.37519654631614685,0.24990816414356232,0.43806472420692444,0.29324615001678467,0.32840195298194885,0.3140392005443573,0.24927744269371033,0.32394468784332275,0.18035174906253815,0.23339475691318512,0.467070996761322,0.29443851113319397,0.36887550354003906,0.33724072575569153,0.31688201427459717,0.36591073870658875,0.26649221777915955,0.2325267642736435,0.5158534049987793,0.32437771558761597,0.4738982021808624,0.38019078969955444,0.45377811789512634,0.41149988770484924,0.4175077974796295,0.24292564392089844,0.5712836384773254,0.31845444440841675,0.5806135535240173,0.32525745034217834,0.6120619177818298,0.3147502541542053,0.6189987063407898
0.3087409734725952,0.6852238774299622,0.3486859202384949,0.6141250729560852,0.36954423785209656,0.5235394835472107,0.38142022490501404,0.45339804887771606,0.3877284824848175,0.3961162865161896,0.31952807307243347,0.43405330181121826,0.36697715520858765,0.33670493960380554,0.3906881511211395,0.27288103103637695,0.4044592082500458,0.21742641925811768,0.30191662907600403,0.4566696584224701,0.3680020570755005,0.3803815543651581,0.4085134267807007,0.33364740014076233,0.43616002798080444,0.2913002073764801,0.2973562180995941,0.4980829060077667,0.39019301533699036,0.4803932011127472,0.4357632100582123,0.46956348419189453,0.4606955945491791,0.4458119869232178,0.3031020760536194,0.54908686876297,0.3767976462841034,0.5663257241249084,0.3804895281791687,0.5934443473815918,0.369750440120697,0.5986972451210022
0.2324649542570114,0.737287163734436,0.26678940653800964,0.6294024586677551,0.2790753245353699,0.5094289779663086,0.2780277132987976,0.4349994361400604,0.270905077457428,0.37835368514060974,0.1944013088941574,0.4450446665287018,0.2320374995470047,0.3199414908885956,0.25009864568710327,0.2310761958360672,0.2582268714904785,0.15302279591560364,0.17017747461795807,0.49380651116371155,0.22762039303779602,0.3900946080684662,0.2740790545940399,0.32827436923980713,0.30535829067230225,0.2706511914730072,0.16912037134170532,0.5595526695251465,0.2736249268054962,0.508292555809021,0.3307124972343445,0.47909876704216003,0.35712766647338867,0.4341818690299988,0.18113990128040314,0.6242932081222534,0.2751602530479431,0.6257874369621277,0.2835325002670288,0.6522731781005859,0.26980000734329224,0.6530871391296387
0.2782389521598816,0.6969336867332458,0.3200578987598419,0.6151800155639648,0.33483269810676575,0.5122637748718262,0.34134888648986816,0.4354517161846161,0.3493990898132324,0.3653584122657776,0.26931971311569214,0.4357428550720215,0.3137913644313812,0.33147504925727844,0.336564302444458,0.2547544538974762,0.34851938486099243,0.18880204856395721,0.2536870539188385,0.462853342294693,0.3151758015155792,0.370535284280777,0.3575745224952698,0.32094573974609375,0.38626083731651306,0.27350637316703796,0.2519490122795105,0.51097172498703,0.3412461578845978,0.47339391708374023,0.3954349458217621,0.4561043679714203,0.4280472695827484,0.42187780141830444,0.26061829924583435,0.5681484937667847,0.332846999168396,0.5798751711845398,0.3395843207836151,0.6095826625823975,0.3309086859226227,0.6151079535484314
0.27028679847717285,0.7115709781646729,0.3138577938079834,0.629705011844635,0.3290414810180664,0.5249654054641724,0.33070802688598633,0.4523143768310547,0.3310243487358093,0.3848951458930969,0.26107120513916016,0.4400063753128052,0.305518239736557,0.3298870921134949,0.3276597857475281,0.2531207501888275,0.33833861351013184,0.18433696031570435,0.24379824101924896,0.4660341441631317,0.3066018223762512,0.3692043125629425,0.34893912076950073,0.3195416331291199,0.37597814202308655,0.2703836262226105,0.24126191437244415,0.5141972899436951,0.3344144821166992,0.476703941822052,0.3837553560733795,0.4662984311580658,0.4071725308895111,0.43515199422836304,0.2494761198759079,0.5699173808097839,0.33034566044807434,0.5833103060722351,0.3362036347389221,0.6182447671890259,0.3229437470436096,0.6265735626220703
0.2335399091243744,0.726142406463623,0.2595856785774231,0.6232433319091797,0.2695375680923462,0.5100773572921753,0.2753545045852661,0.43773216009140015,0.27717381715774536,0.37570711970329285,0.1941172182559967,0.44700857996940613,0.23575931787490845,0.3187166750431061,0.2551892399787903,0.23055525124073029,0.26439782977104187,0.15300188958644867,0.17543597519397736,0.49656447768211365,0.23651748895645142,0.3925909101963043,0.2830894887447357,0.32979917526245117,0.31475672125816345,0.27305740118026733,0.17664974927902222,0.5607780814170837,0.27960309386253357,0.5137832760810852,0.33123794198036194,0.4844816327095032,0.3530152440071106,0.443953275680542,0.18920166790485382,0.6249759793281555,0.2788444757461548,0.62123703956604,0.28681516647338867,0.6430902481079102,0.27243998646736145,0.646013617515564
0.29263776540756226,0.6960809230804443,0.34216055274009705,0.6171678900718689,0.3620832562446594,0.5229967832565308,0.37051156163215637,0.45054593682289124,0.3789229393005371,0.38804206252098083,0.30440613627433777,0.43350574374198914,0.35414525866508484,0.3366163671016693,0.3777533173561096,0.271028608083725,0.3918752074241638,0.2128555029630661,0.2896559536457062,0.4572383761405945,0.3573562800884247,0.37918904423713684,0.39387577772140503,0.3330495357513428,0.41876816749572754,0.2863440215587616,0.28675007820129395,0.4996398091316223,0.3766300678253174,0.4777536690235138,0.4217306077480316,0.4661431312561035,0.4483393728733063,0.4412856996059418,0.2941107451915741,0.5526272654533386,0.3624497056007385,0.5646305084228516,0.36832866072654724,0.5915165543556213,0.3615292012691498,0.5981391668319702
0.30498918890953064,0.7066503167152405,0.3593514859676361,0.6365722417831421,0.3784811496734619,0.536608099937439,0.37912288308143616,0.46204012632369995,0.38115620613098145,0.4084272086620331,0.3246607780456543,0.4251580238342285,0.3724704384803772,0.33187565207481384,0.39595040678977966,0.27097776532173157,0.41043567657470703,0.21318814158439636,0.305784672498703,0.43648892641067505,0.3704041540622711,0.3619782030582428,0.40483975410461426,0.3122529685497284,0.4259708821773529,0.26024314761161804,0.29751697182655334,0.4751407206058502,0.37973713874816895,0.4809289574623108,0.3841494023799896,0.5408554077148438,0.3700718879699707,0.5653499960899353,0.30171021819114685,0.5327255129814148,0.37499815225601196,0.561478316783905,0.3758109509944916,0.6080285906791687,0.35981619358062744,0.6231428980827332
0.22586025297641754,0.7179068326950073,0.2305966019630432,0.6231109499931335,0.2589138448238373,0.5219855308532715,0.3004084527492523,0.46369659900665283,0.33058616518974304,0.42377954721450806,0.24425530433654785,0.443713903427124,0.30099138617515564,0.337939977645874,0.3284497857093811,0.2606188654899597,0.34334418177604675,0.19070464372634888,0.24364140629768372,0.4864884316921234,0.32244017720222473,0.396940141916275,0.37251707911491394,0.3442624509334564,0.4091463088989258,0.29517418146133423,0.25313493609428406,0.5465298891067505,0.3591558635234833,0.5056222081184387,0.4121529161930084,0.48804017901420593,0.44428569078445435,0.46149614453315735,0.26832789182662964,0.6108405590057373,0.3427727520465851,0.6051493883132935,0.33680468797683716,0.6285919547080994,0.31949710845947266,0.6337671875953674
0.2943505644798279,0.6730329990386963,0.3103569746017456,0.5936422348022461,0.34447577595710754,0.522095799446106,0.3883419632911682,0.4960741102695465,0.41955792903900146,0.4796147644519806,0.3351220488548279,0.42884472012519836,0.39132851362228394,0.34465235471725464,0.4168534278869629,0.2857901155948639,0.432628333568573,0.2308308184146881,0.3356558680534363,0.4576044976711273,0.4111160635948181,0.39664021134376526,0.4562598466873169,0.36239302158355713,0.48951655626296997,0.3265025019645691,0.3418852388858795,0.5032200813293457,0.4351128339767456,0.4911333918571472,0.4789929687976837,0.4864848852157593,0.5060968399047852,0.46979594230651855,0.3530220687389374,0.5555137991905212,0.41350769996643066,0.5796977877616882,0.4033110439777374,0.6042498350143433,0.38744184374809265,0.6050665974617004
0.2862066328525543,0.6700989007949829,0.2993769645690918,0.588438868522644,0.33322519063949585,0.517654538154602,0.3768574297428131,0.4962749183177948,0.40517792105674744,0.4855116307735443,0.3289589285850525,0.4272652566432953,0.3853724002838135,0.34333017468452454,0.4110333323478699,0.2836724519729614,0.4264030456542969,0.22746284306049347,0.3312462270259857,0.45759037137031555,0.4062212407588959,0.391462504863739,0.4513247013092041,0.3539825975894928,0.4843895137310028,0.31707829236984253,0.3388064205646515,0.504749059677124,0.43393608927726746,0.4886243939399719,0.47632747888565063,0.48218339681625366,0.5013513565063477,0.4661455452442169,0.3505447506904602,0.557044267654419,0.4098048508167267,0.579181432723999,0.3978174030780792,0.6008384227752686,0.38059669733047485,0.5999016761779785
0.22180674970149994,0.7139755487442017,0.22931203246116638,0.6201432943344116,0.2604086697101593,0.5218871831893921,0.30556273460388184,0.47023874521255493,0.3379647135734558,0.43149030208587646,0.2369004189968109,0.44786787033081055,0.29302117228507996,0.3399457037448883,0.3202449381351471,0.2603866755962372,0.3352753520011902,0.1865519881248474,0.23455338180065155,0.4901678264141083,0.31308573484420776,0.3989243805408478,0.3650270998477936,0.3461781442165375,0.40285563468933105,0.2969260811805725,0.24431370198726654,0.55082768201828,0.35310423374176025,0.5098252892494202,0.40994247794151306,0.49209895730018616,0.444770872592926,0.4663647413253784,0.2607380449771881,0.6144527196884155,0.33411794900894165,0.6110049486160278,0.3295796513557434,0.6340674161911011,0.3145548701286316,0.6382250785827637
0.3068053126335144,0.6943968534469604,0.3561735153198242,0.6282071471214294,0.37564414739608765,0.5318636894226074,0.3777622878551483,0.4612638056278229,0.38225018978118896,0.4071500897407532,0.31626802682876587,0.4249423146247864,0.3623753786087036,0.33011502027511597,0.3855089247226715,0.26651743054389954,0.39844509959220886,0.2083701640367508,0.2979763448238373,0.44005393981933594,0.357067734003067,0.35487112402915955,0.39213916659355164,0.3044341802597046,0.41331443190574646,0.25167545676231384,0.29045605659484863,0.4793972671031952,0.37403035163879395,0.4556494653224945,0.42057865858078003,0.43830108642578125,0.4456740915775299,0.4017767906188965,0.2932314872741699,0.534343421459198,0.3667145073413849,0.5556824207305908,0.3756376802921295,0.5885069370269775,0.3685910701751709,0.5974908471107483
0.300337553024292,0.6753551959991455,0.31748369336128235,0.5996666550636292,0.35161495208740234,0.5271221995353699,0.3936009109020233,0.49821174144744873,0.4231783151626587,0.4793059825897217,0.3406599462032318,0.4320226311683655,0.3953985273838043,0.34570303559303284,0.42104431986808777,0.2879762649536133,0.43663617968559265,0.23362526297569275,0.33973249793052673,0.45757195353507996,0.4163840711116791,0.3964468836784363,0.46133577823638916,0.3649144470691681,0.4931117296218872,0.33028602600097656,0.3444766700267792,0.5016966462135315,0.4379071295261383,0.49078109860420227,0.4811878800392151,0.4915080666542053,0.5068503618240356,0.47572994232177734,0.35426411032676697,0.5549999475479126,0.4161148965358734,0.5837918519973755,0.4059551954269409,0.6087880730628967,0.3891017436981201,0.6080418825149536
0.23578740656375885,0.7020899653434753,0.24349386990070343,0.6088292598724365,0.27329421043395996,0.5134703516960144,0.3167785108089447,0.463230699300766,0.34563013911247253,0.42672139406204224,0.25553804636001587,0.4384470283985138,0.3102593421936035,0.3347133994102478,0.3372242748737335,0.2591232359409332,0.35197749733924866,0.18803516030311584,0.25331005454063416,0.48177650570869446,0.3295725882053375,0.3969076871871948,0.3791223168373108,0.34565165638923645,0.41506561636924744,0.29787251353263855,0.26286670565605164,0.5402734875679016,0.3674548864364624,0.5039089918136597,0.4215344786643982,0.4880007207393646,0.45418429374694824,0.4658135175704956,0.2782198488712311,0.6003105640411377,0.3511081337928772,0.5937557220458984,0.3448156416416168,0.6175578236579895,0.3276369571685791,0.6253266334533691
0.25226783752441406,0.6865633726119995,0.2607312798500061,0.5975094437599182,0.2883954346179962,0.5058076977729797,0.32603010535240173,0.45471301674842834,0.35375940799713135,0.42002633213996887,0.2771609425544739,0.42878177762031555,0.33250266313552856,0.3318411409854889,0.3606674075126648,0.26285266876220703,0.37606683373451233,0.19747625291347504,0.27563321590423584,0.4669557809829712,0.35311558842658997,0.38579875230789185,0.4021822214126587,0.34110864996910095,0.43667784333229065,0.2978660464286804,0.2837701737880707,0.523271918296814,0.3808053135871887,0.4966975152492523,0.43550407886505127,0.4839041829109192,0.4707562029361725,0.4600798785686493,0.29666492342948914,0.5852149128913879,0.3652396500110626,0.5870172381401062,0.3605530560016632,0.611199676990509,0.3454194664955139,0.6192284822463989
0.2996433973312378,0.6770741939544678,0.314032644033432,0.5959643721580505,0.3502407371997833,0.5211827754974365,0.3963182270526886,0.49467402696609497,0.42952775955200195,0.47779712080955505,0.34237805008888245,0.43306592106819153,0.39796462655067444,0.3516165018081665,0.4243648052215576,0.29441556334495544,0.4409449100494385,0.2401779443025589,0.342034250497818,0.46213391423225403,0.4164048135280609,0.3987046480178833,0.4616925120353699,0.3645143210887909,0.4958401620388031,0.32967209815979004,0.34852734208106995,0.507483959197998,0.4398443400859833,0.49527955055236816,0.4855511486530304,0.4935680627822876,0.5149909853935242,0.47967952489852905,0.3613300025463104,0.5592091083526611,0.418449342250824,0.5792982578277588,0.4065262973308563,0.6030674576759338,0.390838623046875,0.6032111644744873
0.2781659960746765,0.6783173680305481,0.3127380907535553,0.61359703540802,0.34010031819343567,0.5240008234977722,0.3618508577346802,0.4545188844203949,0.3771061599254608,0.3991904854774475,0.304780513048172,0.4198204278945923,0.3569195866584778,0.32621872425079346,0.384268581867218,0.2611091732978821,0.4007885158061981,0.20402979850769043,0.2965552806854248,0.44578856229782104,0.37074586749076843,0.3691044747829437,0.41622576117515564,0.32857218384742737,0.4483523368835449,0.29042530059814453,0.29968178272247314,0.4914103150367737,0.39585036039352417,0.47112131118774414,0.44431084394454956,0.46239468455314636,0.4733717739582062,0.44010981917381287,0.3099769651889801,0.5459235906600952,0.37996718287467957,0.5660205483436584,0.3761703372001648,0.594417929649353,0.3594573438167572,0.5986475944519043
0.21754790842533112,0.7219052910804749,0.2202077955007553,0.6217924952507019,0.24724282324314117,0.5201570391654968,0.28899073600769043,0.4642525017261505,0.3182178735733032,0.42943260073661804,0.23034127056598663,0.44770750403404236,0.2844698429107666,0.3350045680999756,0.310549795627594,0.25504013895988464,0.3244722783565521,0.18174664676189423,0.22636251151561737,0.4951265752315521,0.30611056089401245,0.4017232358455658,0.35840144753456116,0.34551018476486206,0.39631474018096924,0.29367101192474365,0.2356223464012146,0.5593517422676086,0.34461769461631775,0.515459418296814,0.3997955024242401,0.49379634857177734,0.43247726559638977,0.46406039595603943,0.251918762922287,0.6249929666519165,0.3291148245334625,0.6173295378684998,0.3253612220287323,0.6388512849807739,0.3094747066497803,0.6439060568809509
0.21118174493312836,0.7254689335823059,0.2182089239358902,0.6293434500694275,0.24663114547729492,0.5272684693336487,0.2867294251918793,0.4697723984718323,0.3148971199989319,0.43335020542144775,0.22622039914131165,0.44812238216400146,0.278990238904953,0.33209478855133057,0.3043838143348694,0.251420259475708,0.3181808888912201,0.1779210865497589,0.2204698920249939,0.4937993884086609,0.30124762654304504,0.39952006936073303,0.35332608222961426,0.34544506669044495,0.39158740639686584,0.29412153363227844,0.22771096229553223,0.5586258172988892,0.3406997323036194,0.5183575749397278,0.3944016396999359,0.49873918294906616,0.4248844385147095,0.46753939986228943,0.24216505885124207,0.6266650557518005,0.32500147819519043,0.6213379502296448,0.322454035282135,0.6436126232147217,0.30610713362693787,0.6469818353652954
0.28256481885910034,0.67820805311203,0.31254568696022034,0.6135485768318176,0.34952324628829956,0.5393837094306946,0.38570207357406616,0.4970681667327881,0.40451356768608093,0.46572837233543396,0.3233136832714081,0.4258299767971039,0.3814551830291748,0.33992570638656616,0.4079463481903076,0.27930304408073425,0.42414164543151855,0.22326961159706116,0.3200555741786957,0.45324382185935974,0.3960916996002197,0.38528063893318176,0.44115138053894043,0.3498493731021881,0.4740500748157501,0.3143666088581085,0.325558602809906,0.4981202781200409,0.42126306891441345,0.4845239520072937,0.46409839391708374,0.4774501919746399,0.48962876200675964,0.45699191093444824,0.3372180759906769,0.5500427484512329,0.40109726786613464,0.5757418870925903,0.391735315322876,0.6008418798446655,0.3756954073905945,0.5999959707260132
0.20945361256599426,0.7254489064216614,0.21686694025993347,0.6259801983833313,0.2471795380115509,0.5249878168106079,0.2930489778518677,0.47366762161254883,0.32593563199043274,0.4341285228729248,0.21786876022815704,0.44986143708229065,0.27330347895622253,0.33099088072776794,0.2990680932998657,0.24934643507003784,0.3123083710670471,0.17383621633052826,0.21231669187545776,0.49969282746315,0.2938164174556732,0.40170660614967346,0.34855011105537415,0.3458597958087921,0.3869790732860565,0.29379433393478394,0.22206534445285797,0.5650874972343445,0.33424028754234314,0.5185882449150085,0.3924807012081146,0.4991670548915863,0.42593270540237427,0.4693250358104706,0.23938734829425812,0.6301169395446777,0.31887286901474,0.6250118613243103,0.31693848967552185,0.6480957269668579,0.3023742139339447,0.6514350771903992
0.30106300115585327,0.6801201701164246,0.31657034158706665,0.6017337441444397,0.3519359529018402,0.527313768863678,0.39629146456718445,0.4976000189781189,0.4284604489803314,0.4774779975414276,0.3430602252483368,0.4331691861152649,0.3980073928833008,0.35107848048210144,0.4242890477180481,0.29390910267829895,0.4411558508872986,0.24045825004577637,0.34249642491340637,0.46108368039131165,0.416630357503891,0.4004053771495819,0.4619729220867157,0.36517539620399475,0.4959394931793213,0.32893723249435425,0.348593145608902,0.5048938989639282,0.4397962689399719,0.4959479868412018,0.48526427149772644,0.4935486912727356,0.5146613717079163,0.47901418805122375,0.3608459234237671,0.5549826622009277,0.4184136688709259,0.5801097750663757,0.4066007733345032,0.6048694849014282,0.3908967077732086,0.605299174785614
0.2473900318145752,0.7124853730201721,0.29687920212745667,0.6336419582366943,0.3105297386646271,0.524931013584137,0.29301902651786804,0.46942684054374695,0.2739209830760956,0.4424043595790863,0.23261021077632904,0.42716658115386963,0.27030739188194275,0.30275559425354004,0.2869272530078888,0.22536149621009827,0.29648908972740173,0.15713389217853546,0.20459476113319397,0.45118188858032227,0.25460371375083923,0.351764053106308,0.2898299992084503,0.28171390295028687,0.31554338335990906,0.21686217188835144,0.1907474845647812,0.5006378889083862,0.2729141414165497,0.46646761894226074,0.31883665919303894,0.4453628957271576,0.34278982877731323,0.40753117203712463,0.1916804015636444,0.5608243942260742,0.26875463128089905,0.5764927268028259,0.286653995513916,0.607312023639679,0.28514277935028076,0.6141869425773621
0.249766543507576,0.7128134369850159,0.295637845993042,0.6368061900138855,0.3126213550567627,0.5329157710075378,0.29553648829460144,0.4836832284927368,0.27222687005996704,0.4628640115261078,0.22996443510055542,0.42958372831344604,0.2717646360397339,0.310083270072937,0.29076552391052246,0.23507313430309296,0.30075469613075256,0.1672569364309311,0.20429366827011108,0.4548676013946533,0.2542562484741211,0.35501909255981445,0.28942257165908813,0.28753966093063354,0.31419774889945984,0.22345390915870667,0.192177414894104,0.503720223903656,0.27638402581214905,0.4660166800022125,0.32718172669410706,0.44614413380622864,0.35488659143447876,0.40841758251190186,0.19402523338794708,0.5626928806304932,0.2704642713069916,0.5713916420936584,0.2878633141517639,0.6054714322090149,0.28672757744789124,0.6176095008850098
0.2977503836154938,0.6733427047729492,0.31396859884262085,0.5983384847640991,0.3470105826854706,0.5271084308624268,0.39006507396698,0.49765142798423767,0.42090436816215515,0.4783611595630646,0.33797529339790344,0.43505337834358215,0.39537960290908813,0.34883007407188416,0.4215249717235565,0.2909992039203644,0.4374404847621918,0.2366476058959961,0.33796244859695435,0.46292877197265625,0.41533517837524414,0.3997909128665924,0.46057388186454773,0.365010142326355,0.4932963252067566,0.32869914174079895,0.3435216546058655,0.5068327784538269,0.4349691867828369,0.5030075907707214,0.47471821308135986,0.4986185133457184,0.49741747975349426,0.479155570268631,0.3534005582332611,0.5572901368141174,0.4142657518386841,0.5854136347770691,0.4047497808933258,0.6085655093193054,0.388233482837677,0.607184648513794
0.20902058482170105,0.7281548976898193,0.2150966078042984,0.6309067606925964,0.24234184622764587,0.528316080570221,0.28223779797554016,0.46963703632354736,0.31032443046569824,0.42902061343193054,0.22055073082447052,0.44890153408050537,0.2742718756198883,0.3312590420246124,0.30056706070899963,0.24958999454975128,0.31462493538856506,0.1751619279384613,0.21378737688064575,0.4976925551891327,0.29644152522087097,0.3991885185241699,0.3502929210662842,0.3434199392795563,0.3889400362968445,0.29164257645606995,0.2219689041376114,0.5640138387680054,0.3330059051513672,0.515616238117218,0.3914783000946045,0.4965977370738983,0.4266858398914337,0.4674817621707916,0.23797649145126343,0.631859540939331,0.3189213275909424,0.6227301359176636,0.31895676255226135,0.6463475823402405,0.30564290285110474,0.6510002017021179
0.37220051884651184,0.7698733806610107,0.4159945845603943,0.7451053261756897,0.44204485416412354,0.6658433675765991,0.4199104309082031,0.5896508693695068,0.38672322034835815,0.5556847453117371,0.45611295104026794,0.5645766854286194,0.4829408526420593,0.4704221487045288,0.49904757738113403,0.4118072986602783,0.5124870538711548,0.3583064079284668,0.4218398332595825,0.5421751737594604,0.4311692714691162,0.4387618601322174,0.4352846145629883,0.3674553632736206,0.4386325180530548,0.30502066016197205,0.3886163830757141,0.5519766807556152,0.3861396610736847,0.4796450138092041,0.38596639037132263,0.5559272170066833,0.38628023862838745,0.6107244491577148,0.3575364053249359,0.5855786204338074,0.35770174860954285,0.5452115535736084,0.3616321384906769,0.6037409901618958,0.3648875951766968,0.6496178507804871
0.35241276025772095,0.7692306637763977,0.3952106535434723,0.7420604825019836,0.4206010401248932,0.6640692353248596,0.3977786600589752,0.5932674407958984,0.3666871190071106,0.5530540347099304,0.4331156313419342,0.5560142993927002,0.4590359032154083,0.458011269569397,0.4748700261116028,0.3976145088672638,0.4880056083202362,0.34427303075790405,0.39793384075164795,0.5360974073410034,0.4050446152687073,0.42258232831954956,0.40767037868499756,0.34815970063209534,0.41029101610183716,0.28349435329437256,0.3644053041934967,0.5493814945220947,0.3607777953147888,0.4767635762691498,0.361286461353302,0.5507506132125854,0.36275604367256165,0.6027514934539795,0.3327770233154297,0.586412250995636,0.3311043083667755,0.5480452179908752,0.33534637093544006,0.6074144244194031,0.3397939205169678,0.6517841219902039
0.31324073672294617,0.7850763201713562,0.3562300205230713,0.7494962215423584,0.3808070719242096,0.6678027510643005,0.3483932316303253,0.6034968495368958,0.31128087639808655,0.5677513480186462,0.38595959544181824,0.5431410074234009,0.4074442386627197,0.43629759550094604,0.42182043194770813,0.3680281937122345,0.43500956892967224,0.30950838327407837,0.3472359776496887,0.5276829600334167,0.3518863022327423,0.4069004952907562,0.3521479070186615,0.32275626063346863,0.35292500257492065,0.251941978931427,0.3122343420982361,0.5469147562980652,0.3024122416973114,0.47511136531829834,0.3087186813354492,0.5422905087471008,0.31480616331100464,0.5969328880310059,0.2811260521411896,0.5890730023384094,0.274483323097229,0.5522056221961975,0.28371962904930115,0.6017780900001526,0.2915829122066498,0.643263578414917
0.3048076033592224,0.788173258304596,0.34688612818717957,0.7475467920303345,0.3690579831600189,0.6639572978019714,0.33422648906707764,0.6023608446121216,0.2979971170425415,0.5694401264190674,0.3757760226726532,0.5414300560951233,0.3971838355064392,0.4327380359172821,0.41113168001174927,0.36294838786125183,0.42454174160957336,0.3051089942455292,0.336428165435791,0.5273078680038452,0.338110089302063,0.4034169316291809,0.3380092978477478,0.31974539160728455,0.34013494849205017,0.24970823526382446,0.30223679542541504,0.5488322973251343,0.28916314244270325,0.48257574439048767,0.2937787175178528,0.5534887313842773,0.3007769286632538,0.6057220101356506,0.2719220817089081,0.5928447246551514,0.2599872648715973,0.5610843896865845,0.2685869336128235,0.6112871170043945,0.2793020009994507,0.6495770812034607
0.3464047908782959,0.7697684168815613,0.38912904262542725,0.7407938838005066,0.4160827100276947,0.6635016798973083,0.3924804925918579,0.5951084494590759,0.3602658808231354,0.5545483231544495,0.4269578158855438,0.5506688952445984,0.4519655406475067,0.450954794883728,0.4679020047187805,0.38991451263427734,0.48182541131973267,0.33753862977027893,0.3917500078678131,0.5317534804344177,0.39873260259628296,0.41889894008636475,0.40167781710624695,0.3426378667354584,0.4049249291419983,0.2775513231754303,0.35840854048728943,0.5459243655204773,0.35419467091560364,0.47861140966415405,0.35527223348617554,0.5573046207427979,0.35771259665489197,0.6113059520721436,0.327016144990921,0.5830956697463989,0.32368507981300354,0.5455621480941772,0.3287140130996704,0.6026464700698853,0.3339077830314636,0.6430381536483765
0.37109804153442383,0.764782726764679,0.41367092728614807,0.7466510534286499,0.4407743811607361,0.664842963218689,0.41817381978034973,0.5877530574798584,0.384032279253006,0.5545975565910339,0.45422038435935974,0.5665382146835327,0.48093557357788086,0.4704858064651489,0.4974226951599121,0.41129884123802185,0.5111425518989563,0.3577078580856323,0.41998016834259033,0.5428861975669861,0.4301503300666809,0.4360659122467041,0.43422186374664307,0.3650866150856018,0.4372163712978363,0.30421602725982666,0.38702353835105896,0.551327109336853,0.38389185070991516,0.4791985750198364,0.38249966502189636,0.5582701563835144,0.38243982195854187,0.6132243275642395,0.35558658838272095,0.5836594700813293,0.3555689752101898,0.5462085604667664,0.3595741093158722,0.6087607145309448,0.3632203936576843,0.6549751162528992
0.2811829149723053,0.8047223091125488,0.32444897294044495,0.7546101212501526,0.3464353680610657,0.6678515672683716,0.3069343566894531,0.6067812442779541,0.2674520015716553,0.5775895118713379,0.3513587415218353,0.5453367829322815,0.37203630805015564,0.4303005039691925,0.3853551149368286,0.3564739525318146,0.39790287613868713,0.29449939727783203,0.3104427456855774,0.5316689610481262,0.31144455075263977,0.39963966608047485,0.3092482388019562,0.3111138641834259,0.30905112624168396,0.2375570386648178,0.27541136741638184,0.5544139742851257,0.262001633644104,0.4872789978981018,0.26915767788887024,0.5568135976791382,0.2775275707244873,0.607789933681488,0.24407802522182465,0.6002014875411987,0.23449628055095673,0.5717334747314453,0.24517899751663208,0.6205570697784424,0.2564816176891327,0.6570599675178528
0.33456429839134216,0.7739793658256531,0.37857040762901306,0.7421190142631531,0.4038415551185608,0.6657413244247437,0.37827956676483154,0.5990589261054993,0.344994455575943,0.5613614916801453,0.41528040170669556,0.5472720861434937,0.4388461112976074,0.44602155685424805,0.4538305997848511,0.3829638659954071,0.4673386514186859,0.3295368552207947,0.3791258931159973,0.5307446718215942,0.3841944932937622,0.415418416261673,0.3873288929462433,0.3351995646953583,0.39112797379493713,0.26713037490844727,0.3447800278663635,0.5472968220710754,0.3384542763233185,0.47795531153678894,0.3405979871749878,0.553577184677124,0.34378382563591003,0.6073998212814331,0.3119376301765442,0.5864416360855103,0.30720457434654236,0.5446063280105591,0.3133017122745514,0.5993301868438721,0.3188624083995819,0.6411542892456055
0.34038764238357544,0.7737801671028137,0.38372600078582764,0.7449164986610413,0.41043999791145325,0.6657775640487671,0.3862658441066742,0.5939242243766785,0.3537396490573883,0.5522661209106445,0.42156460881233215,0.5509645342826843,0.44635552167892456,0.4493524730205536,0.4618760645389557,0.3877335786819458,0.475446492433548,0.33484190702438354,0.3859483599662781,0.5323154926300049,0.392572820186615,0.41792428493499756,0.3959612250328064,0.34057706594467163,0.39934059977531433,0.27365705370903015,0.35196948051452637,0.5474313497543335,0.3466551601886749,0.4767712950706482,0.34860020875930786,0.5545493960380554,0.3515080511569977,0.6087822914123535,0.31947654485702515,0.5865037441253662,0.3159303665161133,0.5474469065666199,0.3220752477645874,0.6046369671821594,0.3276224434375763,0.6465490460395813
0.29198986291885376,0.805656909942627,0.33470937609672546,0.7543301582336426,0.3549079895019531,0.6671896576881409,0.3189333975315094,0.6013408303260803,0.2828209698200226,0.5694757699966431,0.3667285442352295,0.5460991263389587,0.38766762614250183,0.43260782957077026,0.400480717420578,0.36032921075820923,0.4118741452693939,0.2994498014450073,0.3270361125469208,0.5310243368148804,0.32768702507019043,0.400726854801178,0.3250400424003601,0.3142808675765991,0.3246190547943115,0.24347567558288574,0.2923647165298462,0.5521336197853088,0.2756275236606598,0.47763770818710327,0.28042885661125183,0.5405412316322327,0.28871870040893555,0.5913472175598145,0.26192647218704224,0.5969428420066833,0.24715687334537506,0.563827395439148,0.25494176149368286,0.6089951992034912,0.26628246903419495,0.6460996866226196
0.2626124918460846,0.8250879049301147,0.3017624318599701,0.7738391757011414,0.31881487369537354,0.6805067658424377,0.275366872549057,0.6172619462013245,0.2312936782836914,0.5872379541397095,0.32513120770454407,0.5437638759613037,0.3426991105079651,0.4251978397369385,0.35525789856910706,0.34808918833732605,0.3682439923286438,0.2822451591491699,0.2829434871673584,0.530849277973175,0.2797432839870453,0.3939562141895294,0.2743956446647644,0.30259352922439575,0.2730233073234558,0.22543437778949738,0.2470490038394928,0.5550456643104553,0.22762243449687958,0.49916601181030273,0.2371632158756256,0.576622724533081,0.24978609383106232,0.6295332908630371,0.21565088629722595,0.6022223830223083,0.2014240026473999,0.5804613828659058,0.21416033804416656,0.6380822658538818,0.2284713238477707,0.6787958145141602
0.3589099645614624,0.7680742740631104,0.40492549538612366,0.7459918260574341,0.43061816692352295,0.6655924916267395,0.4078204333782196,0.590554416179657,0.37682679295539856,0.5529331564903259,0.4443562626838684,0.5649709105491638,0.47073742747306824,0.4648192524909973,0.4862966537475586,0.403399795293808,0.49929895997047424,0.3482207655906677,0.4088100492954254,0.5432546138763428,0.41799890995025635,0.4320824444293976,0.4200170934200287,0.3573537766933441,0.42192089557647705,0.2935931980609894,0.3754487633705139,0.5539793372154236,0.3707771599292755,0.4725046157836914,0.3708479702472687,0.5453737378120422,0.3726236820220947,0.5989079475402832,0.3445136249065399,0.58961021900177,0.3433234691619873,0.5446296334266663,0.3471003472805023,0.6043205261230469,0.35163554549217224,0.65175461769104
0.356040894985199,0.7711268663406372,0.4005317986011505,0.7429133057594299,0.4278208315372467,0.66286301612854,0.40489208698272705,0.5896550416946411,0.37376782298088074,0.5479322671890259,0.4394805431365967,0.5590571761131287,0.4652421772480011,0.46065375208854675,0.48111850023269653,0.3998996317386627,0.49497827887535095,0.34643927216529846,0.4039407968521118,0.5390778183937073,0.4113372564315796,0.42718663811683655,0.4141519367694855,0.3531588613986969,0.4171103835105896,0.28947120904922485,0.3702124059200287,0.5516433119773865,0.36730772256851196,0.47867852449417114,0.36750367283821106,0.5590412020683289,0.3689746856689453,0.6143133640289307,0.33867889642715454,0.5879430174827576,0.33668646216392517,0.5488716959953308,0.3415285348892212,0.6099976301193237,0.3471299409866333,0.653944730758667
0.25800657272338867,0.8322442173957825,0.29769057035446167,0.777831494808197,0.3127892315387726,0.6805896759033203,0.2682836949825287,0.6171891093254089,0.2246842235326767,0.5914273262023926,0.3192394971847534,0.5489959120750427,0.33651742339134216,0.4275391399860382,0.3492472469806671,0.3493063449859619,0.3626786768436432,0.28286439180374146,0.27646803855895996,0.5354092717170715,0.27259179949760437,0.3947315514087677,0.267363041639328,0.3014984428882599,0.2666810154914856,0.22348210215568542,0.24007397890090942,0.5590104460716248,0.22078141570091248,0.4980769753456116,0.23069007694721222,0.5768728256225586,0.2439654916524887,0.6314700245857239,0.20850621163845062,0.6065294742584229,0.193564310669899,0.5825465321540833,0.20688657462596893,0.638882577419281,0.2220698744058609,0.6791305541992188
0.36391961574554443,0.7633168697357178,0.4104779064655304,0.7439365983009338,0.43660610914230347,0.6639455556869507,0.41313818097114563,0.5887241959571838,0.3806993067264557,0.552868127822876,0.448870986700058,0.5650847554206848,0.4752126932144165,0.46791407465934753,0.4907037019729614,0.40763694047927856,0.5037269592285156,0.3543211817741394,0.413815975189209,0.5429793000221252,0.42317456007003784,0.433671236038208,0.4257787764072418,0.3604670464992523,0.4279395639896393,0.2985328435897827,0.38071534037590027,0.5529716610908508,0.37633249163627625,0.4720520079135895,0.3769438564777374,0.5385814905166626,0.37835535407066345,0.5892385244369507,0.3495650291442871,0.5870121717453003,0.34901928901672363,0.5437229871749878,0.35353928804397583,0.6012424230575562,0.35767436027526855,0.6484827399253845
0.26670128107070923,0.8191455602645874,0.30776578187942505,0.7674700617790222,0.32560908794403076,0.6780726313591003,0.284725546836853,0.6144422888755798,0.2428969442844391,0.5825717449188232,0.3321413993835449,0.5462396740913391,0.3496319651603699,0.42677539587020874,0.36194467544555664,0.3492974042892456,0.3745075762271881,0.2845977246761322,0.2902527451515198,0.5332104563713074,0.28737983107566833,0.3972336947917938,0.2823556065559387,0.30623117089271545,0.2815554738044739,0.23061738908290863,0.2550089657306671,0.5574915409088135,0.23719683289527893,0.4938819110393524,0.24437972903251648,0.5635309815406799,0.25530287623405457,0.6141527891159058,0.22456645965576172,0.6049465537071228,0.2111322283744812,0.5791775584220886,0.222138449549675,0.6289553046226501,0.23597218096256256,0.6662249565124512
0.3441324234008789,0.8095494508743286,0.3880680799484253,0.775786280632019,0.41264909505844116,0.698589563369751,0.3838426172733307,0.632239580154419,0.34904271364212036,0.5966082215309143,0.4240305721759796,0.5759420990943909,0.4474070370197296,0.4754156768321991,0.4633875787258148,0.4120848774909973,0.47813594341278076,0.35773101449012756,0.38730019330978394,0.5582099556922913,0.39323335886001587,0.44086092710494995,0.395663857460022,0.35892224311828613,0.39805951714515686,0.28923144936561584,0.35238489508628845,0.5753180980682373,0.3425690233707428,0.5059818625450134,0.3464217483997345,0.5763896107673645,0.350671648979187,0.6304394602775574,0.31981968879699707,0.6157716512680054,0.31295621395111084,0.5771782994270325,0.32013484835624695,0.6299564838409424,0.32644543051719666,0.6726059317588806
0.33872750401496887,0.8165203928947449,0.3816026747226715,0.7841597199440002,0.4058297872543335,0.7083624005317688,0.3759239614009857,0.6418803334236145,0.34053078293800354,0.6029995679855347,0.4148690402507782,0.5818394422531128,0.437357097864151,0.47715502977371216,0.45271939039230347,0.41156715154647827,0.4667508900165558,0.3545672595500946,0.3771429657936096,0.5641951560974121,0.38298243284225464,0.4420439898967743,0.38391801714897156,0.357927143573761,0.3849344551563263,0.2871215343475342,0.3419012129306793,0.5816833972930908,0.33121249079704285,0.5118545889854431,0.3342527151107788,0.5843889713287354,0.3379291296005249,0.6406518220901489,0.30953824520111084,0.6231525540351868,0.30273762345314026,0.5855936408042908,0.30991485714912415,0.6418031454086304,0.3160940110683441,0.6875559687614441
0.274250328540802,0.814484715461731,0.316120445728302,0.7612388134002686,0.3360920250415802,0.6719677448272705,0.2948993742465973,0.6105486154556274,0.2533388137817383,0.5834926962852478,0.34072214365005493,0.5420699119567871,0.35982802510261536,0.42707332968711853,0.3729085922241211,0.35273483395576477,0.3853020668029785,0.2901453971862793,0.29934999346733093,0.5300161838531494,0.2983556091785431,0.39671969413757324,0.2950577735900879,0.30694887042045593,0.29400256276130676,0.23235608637332916,0.26438888907432556,0.5546659827232361,0.24943162500858307,0.48950284719467163,0.25718533992767334,0.5574803948402405,0.2658582925796509,0.6082126498222351,0.23335151374340057,0.6022440791130066,0.22328586876392365,0.5735999941825867,0.23343056440353394,0.6209152936935425,0.24387511610984802,0.6575899720191956
0.36694860458374023,0.7673520445823669,0.4135723412036896,0.7434567809104919,0.43923208117485046,0.6598106622695923,0.4151734411716461,0.5860631465911865,0.3810892403125763,0.5535919070243835,0.45255884528160095,0.564994215965271,0.4787452816963196,0.46885305643081665,0.4945836067199707,0.409331738948822,0.5077704787254333,0.35639116168022156,0.41733303666114807,0.5441176295280457,0.4272617995738983,0.43732139468193054,0.43001705408096313,0.36486801505088806,0.43210285902023315,0.3034207820892334,0.3841712176799774,0.5538278222084045,0.37997522950172424,0.4742045998573303,0.37989234924316406,0.5438862442970276,0.38113054633140564,0.5957151055335999,0.35328933596611023,0.5872005820274353,0.35273322463035583,0.5444433093070984,0.35642871260643005,0.603203296661377,0.3601169288158417,0.6503239274024963
0.33724257349967957,0.7716723084449768,0.3822494149208069,0.7402451038360596,0.40971046686172485,0.6599036455154419,0.3854650557041168,0.5910901427268982,0.35148918628692627,0.5548391938209534,0.4200124144554138,0.5438905954360962,0.44417598843574524,0.44119343161582947,0.45933613181114197,0.378587543964386,0.4730689227581024,0.32431238889694214,0.38329747319221497,0.526679515838623,0.38708218932151794,0.4109971523284912,0.3878796100616455,0.33177611231803894,0.389638215303421,0.26373010873794556,0.34854698181152344,0.54337078332901,0.3430808484554291,0.4662085473537445,0.34660089015960693,0.5398135781288147,0.35053369402885437,0.5945336222648621,0.31627801060676575,0.5841465592384338,0.3132277727127075,0.5423705577850342,0.3194555342197418,0.5981765985488892,0.3246924579143524,0.6426692605018616
0.3586079478263855,0.7659233808517456,0.4042712152004242,0.7362815141677856,0.4327700436115265,0.655569314956665,0.40948373079299927,0.5819915533065796,0.3764376640319824,0.543073832988739,0.44472578167915344,0.5445495843887329,0.47139236330986023,0.4492596685886383,0.4880346357822418,0.3885660767555237,0.5019915699958801,0.33496034145355225,0.4085240662097931,0.5265694856643677,0.41422826051712036,0.4176631569862366,0.41623106598854065,0.3425162434577942,0.4174828827381134,0.2774370610713959,0.3739887773990631,0.5399560928344727,0.37174826860427856,0.4667356610298157,0.37328290939331055,0.546839714050293,0.37486717104911804,0.6015589237213135,0.3420327603816986,0.5759609937667847,0.3416435420513153,0.5330615639686584,0.3459413945674896,0.5935705304145813,0.34998899698257446,0.6379412412643433
0.28201600909233093,0.8010605573654175,0.32380449771881104,0.7520003914833069,0.3443581163883209,0.6659219861030579,0.30461835861206055,0.6013866066932678,0.2658211588859558,0.570163905620575,0.35084637999534607,0.5379577875137329,0.36925822496414185,0.4237668812274933,0.38149839639663696,0.35005083680152893,0.3928970396518707,0.2879128158092499,0.31035730242729187,0.5254334807395935,0.30829256772994995,0.3950146734714508,0.30410102009773254,0.3064502775669098,0.3025498390197754,0.2335026115179062,0.2761438488960266,0.5490919351577759,0.2609601616859436,0.4814795255661011,0.2691057622432709,0.5430981516838074,0.27834731340408325,0.5915374159812927,0.24610210955142975,0.5955678820610046,0.2358531504869461,0.5661934614181519,0.2449919730424881,0.6090876460075378,0.25477591156959534,0.643502950668335
0.3563653230667114,0.752776563167572,0.40074414014816284,0.7225053310394287,0.4291400611400604,0.6420488357543945,0.40530070662498474,0.5705272555351257,0.37386471033096313,0.5335806012153625,0.44285815954208374,0.540138840675354,0.4691828191280365,0.4460199475288391,0.4861390292644501,0.3865818381309509,0.5008106231689453,0.33587926626205444,0.4066077768802643,0.5228682160377502,0.4140912890434265,0.41435351967811584,0.41650861501693726,0.3405075967311859,0.41904711723327637,0.2777743339538574,0.37227532267570496,0.5353312492370605,0.3695487678050995,0.4643511176109314,0.369501531124115,0.543366551399231,0.3715980648994446,0.596567690372467,0.3408970534801483,0.5695829391479492,0.33976316452026367,0.5298607349395752,0.3435380756855011,0.5887500643730164,0.3482182025909424,0.6302527189254761
0.3464938700199127,0.7607871294021606,0.39037835597991943,0.72940593957901,0.4171037971973419,0.651512861251831,0.3925084173679352,0.5800106525421143,0.3613094687461853,0.5372262001037598,0.4292249083518982,0.5387992262840271,0.4546912908554077,0.4401135742664337,0.4699547290802002,0.3792212903499603,0.4836611747741699,0.32666492462158203,0.393170028924942,0.5204183459281921,0.39818814396858215,0.40786847472190857,0.40030717849731445,0.33142513036727905,0.40343981981277466,0.2655635178089142,0.3590516149997711,0.5357304215431213,0.35437625646591187,0.4689055383205414,0.35609638690948486,0.5445272922515869,0.35883235931396484,0.5970715880393982,0.3276747465133667,0.5736460089683533,0.32443615794181824,0.5365203022956848,0.3292267620563507,0.5931842923164368,0.334360808134079,0.6345836520195007
0.27479588985443115,0.8111453056335449,0.3156541883945465,0.7601158022880554,0.3337775766849518,0.6693028807640076,0.2937352657318115,0.605344831943512,0.2537716031074524,0.5732175707817078,0.34312930703163147,0.536280632019043,0.3602502644062042,0.4201752245426178,0.3730745017528534,0.3468397855758667,0.385100781917572,0.2843672037124634,0.3022240102291107,0.5243089199066162,0.30107200145721436,0.39577528834342957,0.2966706454753876,0.3071056008338928,0.29437702894210815,0.23018793761730194,0.2668236792087555,0.5480062365531921,0.24923375248908997,0.48108771443367004,0.2582562267780304,0.5484747290611267,0.26913318037986755,0.5995798707008362,0.23572853207588196,0.5948315262794495,0.2248891443014145,0.5660742521286011,0.23467326164245605,0.6138263940811157,0.24547535181045532,0.6511514782905579
0.35856157541275024,0.7667362093925476,0.40323156118392944,0.7384827136993408,0.4315349757671356,0.6584656834602356,0.4090513586997986,0.5839090943336487,0.3773359954357147,0.5416817665100098,0.44558754563331604,0.5471930503845215,0.4719614088535309,0.450169175863266,0.48884156346321106,0.38921886682510376,0.5028491020202637,0.3350668251514435,0.4092405140399933,0.5283645987510681,0.4148949682712555,0.41867801547050476,0.41667720675468445,0.3432769477367401,0.4178383946418762,0.27761757373809814,0.37441718578338623,0.5412268042564392,0.37196627259254456,0.46644753217697144,0.3724571168422699,0.547841489315033,0.373634397983551,0.6029858589172363,0.3421567380428314,0.5772795081138611,0.34195464849472046,0.5349335074424744,0.34580034017562866,0.5969752669334412,0.35005414485931396,0.6414046883583069
0.3425736725330353,0.7690405249595642,0.3879508078098297,0.736984133720398,0.4154813885688782,0.6594973802566528,0.3921974301338196,0.5898911356925964,0.3603760898113251,0.5513542294502258,0.4283595085144043,0.5468776822090149,0.4529857039451599,0.44534027576446533,0.4677392840385437,0.38269665837287903,0.48090100288391113,0.3278917372226715,0.39202240109443665,0.5295251607894897,0.39688706398010254,0.4152138829231262,0.39768186211586,0.3353576958179474,0.3987462818622589,0.2660876214504242,0.35752996802330017,0.5457631349563599,0.35065364837646484,0.47148287296295166,0.35284218192100525,0.5443452596664429,0.3560245931148529,0.5977806448936462,0.3253720998764038,0.5851166844367981,0.3210464417934418,0.5432965755462646,0.32636797428131104,0.5972927808761597,0.3317791521549225,0.6389763951301575
0.3561079502105713,0.7642640471458435,0.40081220865249634,0.7381983995437622,0.42862188816070557,0.6608471870422363,0.40717920660972595,0.5885833501815796,0.37553876638412476,0.5500085353851318,0.44172173738479614,0.5519099831581116,0.4689600467681885,0.45132163166999817,0.48488888144493103,0.3888154923915863,0.4988540709018707,0.33287352323532104,0.40495893359184265,0.531827986240387,0.4110229015350342,0.4181925356388092,0.4125286042690277,0.3418580889701843,0.4145841896533966,0.2764778733253479,0.37008872628211975,0.5446402430534363,0.3690266013145447,0.4724034368991852,0.3692968189716339,0.553987443447113,0.37034285068511963,0.6095684170722961,0.33775630593299866,0.5814566016197205,0.3377382159233093,0.5384705662727356,0.3414316773414612,0.5993079543113708,0.34503427147865295,0.6436412334442139
0.3516694903373718,0.7688437700271606,0.39735153317451477,0.7384985685348511,0.42710933089256287,0.660017192363739,0.40357705950737,0.5886264443397522,0.3720792531967163,0.5449279546737671,0.4387604594230652,0.5439806580543518,0.46454939246177673,0.44654056429862976,0.48025473952293396,0.3853999376296997,0.4936925768852234,0.33176445960998535,0.4022451937198639,0.5257112383842468,0.40776363015174866,0.4133850336074829,0.4085816740989685,0.33677008748054504,0.40950340032577515,0.2715598940849304,0.3676151931285858,0.5399311780929565,0.3645501732826233,0.47037214040756226,0.3648664951324463,0.5480314493179321,0.36630553007125854,0.6003766655921936,0.3354235589504242,0.5759602189064026,0.33370351791381836,0.5370226502418518,0.3378460705280304,0.595953643321991,0.34263312816619873,0.6372968554496765
0.2634609043598175,0.837713360786438,0.3053157925605774,0.7870768308639526,0.3241187632083893,0.6945288777351379,0.2789076566696167,0.6305738091468811,0.23458951711654663,0.5985968708992004,0.32864466309547424,0.5565802454948425,0.3459947109222412,0.4374307692050934,0.358280211687088,0.3591836988925934,0.3705167770385742,0.29237425327301025,0.2851332724094391,0.5432767271995544,0.27873125672340393,0.40383002161979675,0.2704973518848419,0.3116338551044464,0.2663118541240692,0.2330113798379898,0.248984232544899,0.5685677528381348,0.22891339659690857,0.5042951703071594,0.23996099829673767,0.5760366916656494,0.2537393271923065,0.6260797381401062,0.2176089882850647,0.6176809072494507,0.20331066846847534,0.5910328030586243,0.21630877256393433,0.643159806728363,0.23144231736660004,0.6808679103851318
0.31729578971862793,0.7809703946113586,0.36178144812583923,0.7425036430358887,0.3873710334300995,0.6573663949966431,0.3553783595561981,0.5901715159416199,0.31871530413627625,0.5571355223655701,0.3931218087673187,0.5366362929344177,0.4143345355987549,0.4315575659275055,0.42921867966651917,0.36656516790390015,0.44320863485336304,0.31109419465065,0.354856014251709,0.52181476354599,0.35869723558425903,0.4024430811405182,0.3593999147415161,0.3211408257484436,0.3609957695007324,0.25232967734336853,0.320241242647171,0.5406407117843628,0.3111271560192108,0.4725583493709564,0.32006099820137024,0.5354993343353271,0.3278229534626007,0.5862783789634705,0.28935378789901733,0.5821117162704468,0.28704142570495605,0.5485085248947144,0.2981981635093689,0.5958808064460754,0.30662092566490173,0.6348398327827454
0.26547160744667053,0.8123941421508789,0.3050536811351776,0.7665695548057556,0.32306069135665894,0.6758524179458618,0.2801544666290283,0.611710786819458,0.23789973556995392,0.5812802910804749,0.3292625844478607,0.5419420599937439,0.34603390097618103,0.4231012165546417,0.35772815346717834,0.34505409002304077,0.36970433592796326,0.2781135141849518,0.28752854466438293,0.5290868878364563,0.2844903767108917,0.3957365155220032,0.2785845398902893,0.3064678907394409,0.2768961489200592,0.22862780094146729,0.25185826420783997,0.5526604056358337,0.23207923769950867,0.4893662929534912,0.24041785299777985,0.5683878660202026,0.2531993091106415,0.621118426322937,0.2206651121377945,0.5995031595230103,0.20533360540866852,0.5714277029037476,0.21742159128189087,0.6281946897506714,0.23214446008205414,0.6667162179946899
0.2700023353099823,0.8081938624382019,0.31068292260169983,0.7622650265693665,0.3292524218559265,0.6716321706771851,0.28740328550338745,0.6102302074432373,0.24638614058494568,0.5791572332382202,0.33620014786720276,0.5356361865997314,0.3531275987625122,0.420939564704895,0.3655884563922882,0.34666791558265686,0.3772704601287842,0.2833942770957947,0.2949374318122864,0.52305668592453,0.292484313249588,0.3929523527622223,0.28747737407684326,0.30445751547813416,0.285634309053421,0.22817827761173248,0.25941333174705505,0.547240674495697,0.24132171273231506,0.4833739101886749,0.2499619722366333,0.5510614514350891,0.2615495026111603,0.5994544625282288,0.22824472188949585,0.5938276648521423,0.21692223846912384,0.567707359790802,0.22744467854499817,0.6190456748008728,0.23917409777641296,0.6565630435943604
0.33238130807876587,0.7638311982154846,0.3758305609226227,0.731278121471405,0.4014987051486969,0.6547324061393738,0.37426939606666565,0.5884227752685547,0.3410963714122772,0.5524333715438843,0.4140191674232483,0.5395224094390869,0.4372512698173523,0.4382989704608917,0.4519779682159424,0.37452614307403564,0.46547868847846985,0.32070305943489075,0.37772616744041443,0.5234639048576355,0.3815968334674835,0.40937331318855286,0.3830646574497223,0.328904390335083,0.3854272961616516,0.25998011231422424,0.3434697985649109,0.5407387614250183,0.33555781841278076,0.471698135137558,0.3395364582538605,0.5417015552520752,0.3439774215221405,0.5936784148216248,0.31164446473121643,0.5800316333770752,0.3065222501754761,0.5414151549339294,0.3136295974254608,0.5923233032226562,0.3197612166404724,0.63266521692276
0.2758035361766815,0.8115966320037842,0.3188192546367645,0.7639573812484741,0.34083712100982666,0.6784867644309998,0.3015150725841522,0.6135554909706116,0.2616805136203766,0.5816390514373779,0.34943389892578125,0.5501474738121033,0.36915913224220276,0.43482521176338196,0.3820424973964691,0.35958680510520935,0.3941118121147156,0.29592132568359375,0.30803167819976807,0.5347674489021301,0.3054490387439728,0.402550607919693,0.299581915140152,0.31306377053260803,0.2967306077480316,0.2384045571088791,0.2728579640388489,0.5567318797111511,0.25798118114471436,0.4943787455558777,0.26550406217575073,0.5600161552429199,0.27440834045410156,0.6089010834693909,0.24184615910053253,0.6015247702598572,0.23184669017791748,0.5747017860412598,0.2396719753742218,0.6186279654502869,0.24824289977550507,0.652476966381073
0.3477264642715454,0.7635321617126465,0.3927046060562134,0.7366163730621338,0.421283096075058,0.6589673161506653,0.39784643054008484,0.5850799083709717,0.36483755707740784,0.5477008819580078,0.4324990212917328,0.5445806384086609,0.4600495994091034,0.44657930731773376,0.475862592458725,0.3841691017150879,0.48889824748039246,0.32957765460014343,0.39647069573402405,0.5261328816413879,0.4017125368118286,0.41230568289756775,0.40293896198272705,0.33343735337257385,0.4044244587421417,0.266854465007782,0.36233463883399963,0.5413933992385864,0.3598600924015045,0.46374058723449707,0.36154112219810486,0.5299572348594666,0.36281818151474,0.580676257610321,0.3303010165691376,0.5797422528266907,0.3288058936595917,0.5347537398338318,0.3328148126602173,0.5871998071670532,0.3354994058609009,0.631258487701416
0.35767772793769836,0.7650124430656433,0.403007447719574,0.7384703159332275,0.43136265873908997,0.6594090461730957,0.40848180651664734,0.5852356553077698,0.3783249258995056,0.5412333607673645,0.4449833333492279,0.5493107438087463,0.47233614325523376,0.45172518491744995,0.48823851346969604,0.3899105489253998,0.5021418929100037,0.3352054953575134,0.40841421484947205,0.5291048884391785,0.41400283575057983,0.41713055968284607,0.4157021641731262,0.34135720133781433,0.4182532727718353,0.2757778763771057,0.37405988574028015,0.5417038798332214,0.3722960650920868,0.4693998694419861,0.3723529577255249,0.5497044920921326,0.37351614236831665,0.604056715965271,0.34235113859176636,0.5776106119155884,0.34141361713409424,0.5368514657020569,0.3452818691730499,0.5978922247886658,0.349793016910553,0.6414133906364441
0.33103641867637634,0.7716692686080933,0.37549129128456116,0.742132306098938,0.4041793644428253,0.6654713749885559,0.3760322332382202,0.5979588031768799,0.34016847610473633,0.5612273216247559,0.4141732156276703,0.5422028303146362,0.43780237436294556,0.44030627608299255,0.45308226346969604,0.3758397102355957,0.46718257665634155,0.32065269351005554,0.37612777948379517,0.5247352123260498,0.37945249676704407,0.4070453941822052,0.3810378611087799,0.32584089040756226,0.3838704526424408,0.25733065605163574,0.3411839008331299,0.5414279103279114,0.33499184250831604,0.4758814573287964,0.3395325243473053,0.5462101101875305,0.3434509336948395,0.5986893773078918,0.30872029066085815,0.5800818204879761,0.3054143786430359,0.5441954731941223,0.3132593035697937,0.5966824889183044,0.3192277252674103,0.6382778882980347
0.32327789068222046,0.7767431735992432,0.36837655305862427,0.746932327747345,0.395594984292984,0.6692619919776917,0.36558279395103455,0.6033086180686951,0.32863131165504456,0.5713521838188171,0.40287646651268005,0.5443269610404968,0.4259549677371979,0.4388670027256012,0.441110759973526,0.3714853823184967,0.45534592866897583,0.31396424770355225,0.36422860622406006,0.5282260179519653,0.36580654978752136,0.4087821841239929,0.3653053343296051,0.32360294461250305,0.3663029074668884,0.25110048055648804,0.3290766775608063,0.5460948944091797,0.3223833441734314,0.4760388731956482,0.32960253953933716,0.5398070812225342,0.3354036808013916,0.5931488275527954,0.29742491245269775,0.5870028138160706,0.2955053150653839,0.5547859072685242,0.3048366904258728,0.6067582368850708,0.3115517199039459,0.650830090045929
0.36896124482154846,0.7456962466239929,0.413299560546875,0.7256865501403809,0.43988481163978577,0.6432458162307739,0.41926199197769165,0.5690518021583557,0.385547012090683,0.538665771484375,0.45538151264190674,0.5467665791511536,0.4827568233013153,0.45446208119392395,0.49917927384376526,0.3966526687145233,0.5132394433021545,0.34527942538261414,0.4209117889404297,0.5254045724868774,0.42938926815986633,0.4204123318195343,0.4327370822429657,0.34891828894615173,0.4355321526527405,0.2883804142475128,0.3873954117298126,0.5357795357704163,0.3850858807563782,0.46532177925109863,0.3847385346889496,0.5390918254852295,0.3851120173931122,0.591515839099884,0.35549649596214294,0.5686622858047485,0.35730284452438354,0.5299659967422485,0.3596920073032379,0.5902115702629089,0.36208468675613403,0.6363031268119812
0.25749629735946655,0.8311739563941956,0.2950375974178314,0.7803378105163574,0.30877232551574707,0.6837947964668274,0.2652921974658966,0.6170726418495178,0.22157466411590576,0.5834643244743347,0.3162950873374939,0.5432208180427551,0.3317629396915436,0.42118725180625916,0.34472084045410156,0.342835396528244,0.35775938630104065,0.27627912163734436,0.2738321125507355,0.5310352444648743,0.26990315318107605,0.3925079107284546,0.2636699974536896,0.298967182636261,0.2611684799194336,0.21978874504566193,0.23767299950122833,0.5555115342140198,0.2174685150384903,0.4902099668979645,0.22607073187828064,0.568888783454895,0.2384139448404312,0.6253698468208313,0.20675094425678253,0.6040928363800049,0.19163832068443298,0.5769005417823792,0.20359759032726288,0.6344395279884338,0.21749238669872284,0.6760197877883911
0.2267780900001526,0.8695741891860962,0.26762688159942627,0.8120630979537964,0.2800375819206238,0.7150775790214539,0.23009152710437775,0.6559746265411377,0.18221445381641388,0.6283459663391113,0.2856382131576538,0.567404568195343,0.29721441864967346,0.44279658794403076,0.3074182868003845,0.36039698123931885,0.3185569941997528,0.28741592168807983,0.2397172451019287,0.5544900298118591,0.23117463290691376,0.4136257767677307,0.22008001804351807,0.31577080488204956,0.21397486329078674,0.22893474996089935,0.201304093003273,0.5809869766235352,0.17662093043327332,0.5209680795669556,0.18806946277618408,0.5996882319450378,0.20450596511363983,0.654286801815033,0.16903403401374817,0.6327158212661743,0.15059544146060944,0.613358736038208,0.16425904631614685,0.6701739430427551,0.18168653547763824,0.7092538475990295
0.23419930040836334,0.858025074005127,0.2735122740268707,0.8029472231864929,0.28919288516044617,0.7097375392913818,0.24162384867668152,0.6495968699455261,0.19504399597644806,0.6197507977485657,0.29420551657676697,0.5631253719329834,0.3081270754337311,0.43966206908226013,0.3196312487125397,0.3582310080528259,0.33197489380836487,0.2885392904281616,0.24893584847450256,0.5506175756454468,0.2411702573299408,0.40849414467811584,0.23080778121948242,0.3123188614845276,0.22510959208011627,0.22845102846622467,0.21120323240756989,0.5776621699333191,0.18683579564094543,0.5167070627212524,0.19914698600769043,0.5930988192558289,0.2158086597919464,0.6451070308685303,0.17885959148406982,0.6298400163650513,0.16133731603622437,0.6072447896003723,0.17545317113399506,0.6626677513122559,0.192967489361763,0.7006457448005676
0.2545005679130554,0.8298600912094116,0.29379770159721375,0.7794482111930847,0.30802080035209656,0.6836923956871033,0.26340001821517944,0.6191909909248352,0.21982671320438385,0.5876686573028564,0.3142862021923065,0.5436974167823792,0.3306756019592285,0.4218946695327759,0.34327036142349243,0.34322404861450195,0.3560597598552704,0.2756980359554291,0.2709949016571045,0.5309882760047913,0.2663278877735138,0.3905801475048065,0.26004818081855774,0.29776960611343384,0.25778332352638245,0.21858221292495728,0.23466023802757263,0.5563382506370544,0.21320900321006775,0.4928314685821533,0.22276806831359863,0.5740951895713806,0.2360367327928543,0.6292563676834106,0.2040577530860901,0.60615074634552,0.18817315995693207,0.5824518799781799,0.2012738585472107,0.6406636834144592,0.21656885743141174,0.6804754734039307
0.36546507477760315,0.7454341650009155,0.411233127117157,0.7195472121238708,0.438083678483963,0.6401780247688293,0.4147648811340332,0.5677287578582764,0.3823578357696533,0.5334072709083557,0.451194703578949,0.5463142991065979,0.47881361842155457,0.4533846080303192,0.49521970748901367,0.3939670920372009,0.5090613961219788,0.34265586733818054,0.41563981771469116,0.5280148386955261,0.4239223301410675,0.42101892828941345,0.4273066520690918,0.3475430905818939,0.429909348487854,0.2858375608921051,0.38245832920074463,0.539139986038208,0.37875279784202576,0.4677552878856659,0.37986692786216736,0.5398357510566711,0.38197505474090576,0.5917816758155823,0.35182201862335205,0.5717802047729492,0.35169991850852966,0.5295686721801758,0.35423344373703003,0.5867143869400024,0.357340544462204,0.6313437223434448
0.3307764232158661,0.7772018909454346,0.3754393756389618,0.7471266984939575,0.40421339869499207,0.668056070804596,0.3760225772857666,0.5986675024032593,0.34032514691352844,0.5620534420013428,0.413747102022171,0.5437712669372559,0.4362941384315491,0.4407593309879303,0.45068296790122986,0.37546709179878235,0.4637848734855652,0.3197309374809265,0.37532883882522583,0.5281528234481812,0.3780724108219147,0.4111698269844055,0.37874430418014526,0.3284969925880432,0.3802345097064972,0.25792205333709717,0.33991581201553345,0.5469407439231873,0.3338252604007721,0.47369611263275146,0.3393270671367645,0.5402323603630066,0.34385308623313904,0.5921511650085449,0.3067166209220886,0.5885091423988342,0.30413028597831726,0.5475038886070251,0.31199726462364197,0.6007023453712463,0.3177821636199951,0.6444611549377441
0.31901660561561584,0.7778064608573914,0.3635112941265106,0.7478939890861511,0.3900425434112549,0.6687659621238708,0.35828977823257446,0.606356143951416,0.3208296000957489,0.5704694390296936,0.39539238810539246,0.542725145816803,0.4192348122596741,0.43918123841285706,0.43516701459884644,0.3717438280582428,0.4491014778614044,0.31452614068984985,0.3560570180416107,0.5260602235794067,0.3598855435848236,0.40693071484565735,0.36144712567329407,0.3218400478363037,0.36369404196739197,0.2505510747432709,0.3205859065055847,0.5436734557151794,0.31533557176589966,0.47617262601852417,0.3229506313800812,0.5356155037879944,0.3280934691429138,0.5831311941146851,0.28923386335372925,0.5836001038551331,0.28937262296676636,0.5506101250648499,0.2996234893798828,0.6001646518707275,0.30606168508529663,0.6415191292762756
0.3161923587322235,0.7811724543571472,0.3599221408367157,0.7480876445770264,0.3868412971496582,0.6682583093643188,0.3569829761981964,0.6029956936836243,0.31959399580955505,0.5693328380584717,0.39298245310783386,0.5417518615722656,0.4146735966205597,0.4356948435306549,0.4292610287666321,0.36710596084594727,0.44247493147850037,0.3091822862625122,0.35378649830818176,0.5254852175712585,0.35486552119255066,0.40464654564857483,0.35367339849472046,0.31982550024986267,0.3539620637893677,0.2477463036775589,0.3187255263328552,0.5440654754638672,0.3086617887020111,0.4803812503814697,0.3164670765399933,0.5445829033851624,0.3240845501422882,0.5948415398597717,0.28756895661354065,0.5849621891975403,0.2835693955421448,0.5538358092308044,0.29312172532081604,0.5994893908500671,0.30138352513313293,0.6360822916030884
0.3442738652229309,0.7663546204566956,0.38930821418762207,0.7399648427963257,0.4186473488807678,0.6618208885192871,0.39576098322868347,0.5901861190795898,0.3631262183189392,0.5541845560073853,0.4298715591430664,0.5478173494338989,0.4561137557029724,0.4468091130256653,0.4721667766571045,0.38431107997894287,0.4859306216239929,0.330087274312973,0.393538236618042,0.5284067392349243,0.39871668815612793,0.41329506039619446,0.39922088384628296,0.333516925573349,0.4002564549446106,0.2648102343082428,0.35938775539398193,0.5427179336547852,0.35480406880378723,0.466630756855011,0.35613498091697693,0.5417588353157043,0.3585130274295807,0.5955612659454346,0.32706671953201294,0.5817674994468689,0.32444050908088684,0.5372706055641174,0.3293209373950958,0.5946787595748901,0.33407455682754517,0.6393631100654602
0.25870153307914734,0.822435736656189,0.29841649532318115,0.7733029127120972,0.3144639730453491,0.6816737651824951,0.2711506485939026,0.6175090074539185,0.22972379624843597,0.5826971530914307,0.3204980492591858,0.5443784594535828,0.3355060815811157,0.42449700832366943,0.34775063395500183,0.34559866786003113,0.3608289062976837,0.2782340347766876,0.27848803997039795,0.5312764048576355,0.2739282250404358,0.39502909779548645,0.2674998342990875,0.30398786067962646,0.26557642221450806,0.22506862878799438,0.2422298640012741,0.5546349287033081,0.22180426120758057,0.49541497230529785,0.23219145834445953,0.5742791295051575,0.24630548059940338,0.6260688304901123,0.21032890677452087,0.6009064316749573,0.19504204392433167,0.5735138058662415,0.2083815336227417,0.6312633156776428,0.22341202199459076,0.6695843935012817
0.36882540583610535,0.7467676401138306,0.4153537154197693,0.727047860622406,0.44195082783699036,0.6433596611022949,0.4208340644836426,0.5688045024871826,0.3884667754173279,0.5347829461097717,0.4556151032447815,0.5475028157234192,0.48282378911972046,0.45524245500564575,0.4994564950466156,0.3975905478000641,0.5134870409965515,0.34710633754730225,0.4206637144088745,0.5276587605476379,0.4290023148059845,0.4229414463043213,0.4324868619441986,0.3521803021430969,0.43518418073654175,0.2922170162200928,0.38740745186805725,0.5387769937515259,0.3850807249546051,0.46501684188842773,0.3867011070251465,0.5336229801177979,0.38829609751701355,0.5836020112037659,0.3560415208339691,0.5722562670707703,0.3580368757247925,0.5314446687698364,0.36085209250450134,0.5896428227424622,0.3632979393005371,0.6349038481712341
0.36441877484321594,0.7460487484931946,0.40896204113960266,0.7180580496788025,0.4353003203868866,0.6421721577644348,0.41251739859580994,0.5740720629692078,0.38074713945388794,0.5410363674163818,0.44863513112068176,0.5468196272850037,0.47583407163619995,0.452359139919281,0.49156761169433594,0.39387449622154236,0.505598247051239,0.34219974279403687,0.4133557975292206,0.5266528129577637,0.420573353767395,0.41972991824150085,0.42322838306427,0.34704506397247314,0.42616522312164307,0.28462889790534973,0.3800927698612213,0.5377237200737,0.3782771825790405,0.46490028500556946,0.3799794316291809,0.5334730744361877,0.3814646899700165,0.5843481421470642,0.3491034507751465,0.571539044380188,0.34937795996665955,0.5297228097915649,0.35297608375549316,0.5821550488471985,0.3557145893573761,0.6252673268318176
0.2607681453227997,0.8193029761314392,0.2997867166996002,0.7725349068641663,0.31624919176101685,0.6818297505378723,0.27317216992378235,0.6154319047927856,0.23202568292617798,0.5814047455787659,0.3236803114414215,0.5441938638687134,0.3403545320034027,0.4246446192264557,0.35219159722328186,0.34573498368263245,0.36475276947021484,0.2786112427711487,0.28214070200920105,0.5310633778572083,0.27779871225357056,0.3960784673690796,0.27165931463241577,0.30568403005599976,0.27059081196784973,0.2266932874917984,0.24642495810985565,0.5545555949211121,0.2262088507413864,0.4945390820503235,0.2350340187549591,0.5729904174804688,0.24849897623062134,0.6237423419952393,0.21481695771217346,0.6009084582328796,0.19840513169765472,0.5707379579544067,0.2111557275056839,0.6266319155693054,0.2267492562532425,0.6644188165664673
0.35033097863197327,0.7687124609947205,0.39553701877593994,0.7389119863510132,0.4237107038497925,0.662525475025177,0.401427686214447,0.5919010639190674,0.36843496561050415,0.5585575103759766,0.4362782835960388,0.5481118559837341,0.4626980423927307,0.448087215423584,0.47856220602989197,0.3865172266960144,0.49259817600250244,0.33147117495536804,0.40028175711631775,0.5292623043060303,0.40562471747398376,0.41615697741508484,0.4071159362792969,0.3370005488395691,0.40903472900390625,0.26854240894317627,0.36586034297943115,0.543098509311676,0.3632575273513794,0.4672020971775055,0.36317774653434753,0.5397173762321472,0.3634999394416809,0.5921196341514587,0.33327287435531616,0.5807604193687439,0.33224838972091675,0.5343674421310425,0.33515673875808716,0.5912989974021912,0.3374762535095215,0.6369771361351013
0.30034008622169495,0.7956976890563965,0.34414198994636536,0.7547999620437622,0.3665732145309448,0.6715525984764099,0.32884445786476135,0.6109681725502014,0.2888829708099365,0.5791815519332886,0.37252277135849,0.5453829765319824,0.3937782645225525,0.43583229184150696,0.4064073860645294,0.362537682056427,0.41772890090942383,0.30047789216041565,0.33196666836738586,0.5306463241577148,0.3302367627620697,0.4051980674266815,0.32748177647590637,0.317846417427063,0.3272494971752167,0.24428509175777435,0.29676467180252075,0.5524395704269409,0.2836886942386627,0.48455682396888733,0.29309380054473877,0.5468953847885132,0.3030124604701996,0.5948060750961304,0.2659778892993927,0.5961250066757202,0.25611403584480286,0.5612534284591675,0.265972763299942,0.6074712872505188,0.27661317586898804,0.644741415977478
0.30355358123779297,0.7901237607002258,0.3469366729259491,0.7502332329750061,0.37188729643821716,0.6670913696289062,0.33815473318099976,0.6057896614074707,0.3006877601146698,0.5724096298217773,0.37842798233032227,0.5408467650413513,0.4006870687007904,0.4322013258934021,0.414896160364151,0.36178696155548096,0.4280944764614105,0.3032240867614746,0.33813562989234924,0.5273331999778748,0.3381084203720093,0.4037916958332062,0.3361797630786896,0.3177542984485626,0.3366025388240814,0.245424285531044,0.30301758646965027,0.5489420294761658,0.2911534607410431,0.4843868911266327,0.29777708649635315,0.5549935698509216,0.3056313693523407,0.6070957779884338,0.27173715829849243,0.5923359990119934,0.2622314989566803,0.5594934821128845,0.2704765498638153,0.6091333031654358,0.28000104427337646,0.6477742791175842
0.24955400824546814,0.8491518497467041,0.29100894927978516,0.793925940990448,0.30901244282722473,0.6997614502906799,0.26525992155075073,0.6378132104873657,0.22103038430213928,0.6061403155326843,0.3147796392440796,0.5561919212341309,0.33412501215934753,0.43552690744400024,0.34816160798072815,0.35733678936958313,0.36227846145629883,0.290793240070343,0.2711380124092102,0.543085515499115,0.2658599019050598,0.4007551074028015,0.2588588297367096,0.3073982298374176,0.25559180974960327,0.22765778005123138,0.23452162742614746,0.5692915320396423,0.2131534367799759,0.5073214769363403,0.22499625384807587,0.5845326781272888,0.2396513968706131,0.6385373473167419,0.20271830260753632,0.6196632981300354,0.18877477943897247,0.5946483612060547,0.20107252895832062,0.6473829746246338,0.2154269516468048,0.6857092380523682
0.22383460402488708,0.8734918236732483,0.26347318291664124,0.8200337886810303,0.27407801151275635,0.7256963849067688,0.22484344244003296,0.6666142344474792,0.1767134666442871,0.6374624967575073,0.27840837836265564,0.5694373846054077,0.2886435091495514,0.4455743730068207,0.2979089617729187,0.36380356550216675,0.30716249346733093,0.2903304696083069,0.2318408340215683,0.557457685470581,0.2215568721294403,0.41611891984939575,0.20858410000801086,0.31981512904167175,0.20006303489208221,0.23315030336380005,0.1929275393486023,0.5858216285705566,0.16616636514663696,0.5273774266242981,0.18038995563983917,0.6101586222648621,0.1992449313402176,0.6652593612670898,0.16101963818073273,0.639969527721405,0.14289513230323792,0.6236298084259033,0.15889282524585724,0.6839339733123779,0.17854341864585876,0.7231269478797913
0.22483673691749573,0.8725668787956238,0.2645188868045807,0.8186491131782532,0.2756822407245636,0.7254224419593811,0.2268507331609726,0.6657212972640991,0.1787075698375702,0.6344924569129944,0.2799845337867737,0.5675207376480103,0.29118436574935913,0.44346943497657776,0.3005649745464325,0.3628115952014923,0.3098551332950592,0.29059961438179016,0.23363840579986572,0.5568450689315796,0.2227819263935089,0.41576945781707764,0.2102002650499344,0.32215577363967896,0.20193178951740265,0.23759448528289795,0.1950230449438095,0.585946798324585,0.16790635883808136,0.5256505608558655,0.1826743185520172,0.6037958264350891,0.20234930515289307,0.6576483845710754,0.16348716616630554,0.6395322680473328,0.14494933187961578,0.6251990795135498,0.15975350141525269,0.6835729479789734,0.17874470353126526,0.7221711277961731
0.23891586065292358,0.8444586396217346,0.2800312042236328,0.7938729524612427,0.29734334349632263,0.7053412199020386,0.2503634989261627,0.6456894874572754,0.20400583744049072,0.613950788974762,0.30303099751472473,0.5596245527267456,0.3199111819267273,0.4354414641857147,0.3327130973339081,0.35415536165237427,0.3465021252632141,0.2855142652988434,0.25802522897720337,0.5459816455841064,0.25104570388793945,0.40118128061294556,0.24287819862365723,0.3059687316417694,0.2399255335330963,0.227603942155838,0.22052980959415436,0.5718151926994324,0.19885949790477753,0.516671895980835,0.20991946756839752,0.5878300666809082,0.22464098036289215,0.6388645768165588,0.18870434165000916,0.6215450167655945,0.17497014999389648,0.6044449210166931,0.18780206143856049,0.6576951742172241,0.203258216381073,0.6958603262901306
0.31170454621315,0.7814328670501709,0.3555295169353485,0.7487959265708923,0.3821074068546295,0.6682379245758057,0.34981268644332886,0.6061120629310608,0.3113212585449219,0.5755835771560669,0.38773515820503235,0.5432416200637817,0.4105798304080963,0.4370233714580536,0.4253889322280884,0.36756420135498047,0.43852123618125916,0.30814799666404724,0.3481798768043518,0.5275376439094543,0.35171374678611755,0.40594494342803955,0.35062742233276367,0.31969428062438965,0.3503221273422241,0.24554723501205444,0.31281596422195435,0.5466994643211365,0.30249035358428955,0.4795931279659271,0.3089541792869568,0.5487651824951172,0.3152235448360443,0.60202956199646,0.28148624300956726,0.5892829298973083,0.27611178159713745,0.5540385246276855,0.28544360399246216,0.6065110564231873,0.2930765151977539,0.6498337984085083
0.34035390615463257,0.7613346576690674,0.38389644026756287,0.7316909432411194,0.4107469618320465,0.6544182300567627,0.38652679324150085,0.5865572094917297,0.35371848940849304,0.5487806797027588,0.42409077286720276,0.5395166277885437,0.44794008135795593,0.44083550572395325,0.46331167221069336,0.38010844588279724,0.47733834385871887,0.32732370495796204,0.38831275701522827,0.5205179452896118,0.3936724364757538,0.4087401330471039,0.3960410952568054,0.3310621976852417,0.39893531799316406,0.26411494612693787,0.35404905676841736,0.5352802276611328,0.34936878085136414,0.4681221544742584,0.3507032096385956,0.5448670387268066,0.3531128764152527,0.5978319048881531,0.3220556676387787,0.5733110904693604,0.3185568153858185,0.5360898375511169,0.32319605350494385,0.5915881395339966,0.32764580845832825,0.631771445274353
0.2240060269832611,0.8746519088745117,0.2630767822265625,0.8203727006912231,0.27297914028167725,0.7249606251716614,0.22300492227077484,0.6656036376953125,0.17467471957206726,0.6345107555389404,0.27755841612815857,0.5661077499389648,0.2887943387031555,0.4409361779689789,0.29832571744918823,0.35953837633132935,0.30794721841812134,0.28755128383636475,0.23096925020217896,0.5566095113754272,0.22051836550235748,0.41421523690223694,0.20827150344848633,0.31918278336524963,0.20038540661334991,0.2340223491191864,0.19218681752681732,0.5873309969902039,0.16472607851028442,0.5229199528694153,0.18066486716270447,0.6028003692626953,0.20112387835979462,0.6581238508224487,0.16098979115486145,0.6433824896812439,0.14258188009262085,0.625939130783081,0.15880756080150604,0.6840960383415222,0.17886103689670563,0.7226282358169556
0.2689790427684784,0.8249236941337585,0.3129814863204956,0.7741692662239075,0.3358688950538635,0.6862373948097229,0.2935340702533722,0.6226242184638977,0.2519974708557129,0.5896100997924805,0.34068891406059265,0.5518562197685242,0.36211684346199036,0.43596500158309937,0.37641727924346924,0.35945022106170654,0.3898714482784271,0.29563385248184204,0.29833099246025085,0.5380931496620178,0.29688167572021484,0.4025120139122009,0.29203277826309204,0.31052932143211365,0.2900548279285431,0.23425383865833282,0.26287055015563965,0.562085747718811,0.24693919718265533,0.4991975724697113,0.25434255599975586,0.5635478496551514,0.26341328024864197,0.613283097743988,0.2316124588251114,0.6091447472572327,0.22009947896003723,0.5813354849815369,0.22883161902427673,0.6265652179718018,0.2383226752281189,0.6628651022911072
0.2898138761520386,0.8035517930984497,0.334013968706131,0.7603709697723389,0.35697826743125916,0.6770720481872559,0.3212454617023468,0.6122812032699585,0.2826496660709381,0.5794736742973328,0.3650480806827545,0.5493902564048767,0.3893013000488281,0.43925952911376953,0.40356019139289856,0.36723148822784424,0.41547003388404846,0.30648162961006165,0.3239390254020691,0.53263258934021,0.32493534684181213,0.40337416529655457,0.3225279748439789,0.31580662727355957,0.3211587071418762,0.24343888461589813,0.28808319568634033,0.5545165538787842,0.2746536135673523,0.4883894622325897,0.28357774019241333,0.5553968548774719,0.2926137447357178,0.6070151925086975,0.2569257915019989,0.6009324193000793,0.24959103763103485,0.5752325654029846,0.25878772139549255,0.6192851066589355,0.2682243287563324,0.6538013219833374
0.22488051652908325,0.8719985485076904,0.2647322714328766,0.8161994218826294,0.27515310049057007,0.7187079191207886,0.22429190576076508,0.6604238152503967,0.17534366250038147,0.6313696503639221,0.27985239028930664,0.5636297464370728,0.29181697964668274,0.4399816393852234,0.3016226589679718,0.35845765471458435,0.31132233142852783,0.2858943045139313,0.23297524452209473,0.5528296828269958,0.22352510690689087,0.4106943607330322,0.21191971004009247,0.31646305322647095,0.20427963137626648,0.23169943690299988,0.19384397566318512,0.5820703506469727,0.16859856247901917,0.5218564867973328,0.18424445390701294,0.602435290813446,0.20335303246974945,0.6560104489326477,0.16204103827476501,0.6365558505058289,0.14575061202049255,0.6183959245681763,0.16090022027492523,0.676217794418335,0.1787225306034088,0.7135709524154663
0.3517189919948578,0.7493892908096313,0.3965856432914734,0.7227107882499695,0.4239683449268341,0.6477344036102295,0.3997873067855835,0.576514482498169,0.3694056272506714,0.5363861918449402,0.4372195601463318,0.544366717338562,0.4642494022846222,0.4466915428638458,0.47962382435798645,0.3856874108314514,0.4939524829387665,0.33226633071899414,0.4019318222999573,0.5245999097824097,0.4086308181285858,0.41400185227394104,0.4104810059070587,0.3385770320892334,0.413606196641922,0.2739200294017792,0.36844661831855774,0.5371873378753662,0.3660259246826172,0.46543002128601074,0.3653736114501953,0.5435242056846619,0.36681437492370605,0.5964421033859253,0.33693021535873413,0.5728579759597778,0.33434462547302246,0.5292733311653137,0.3377598524093628,0.586959719657898,0.34195008873939514,0.629031777381897
0.22682411968708038,0.8728253245353699,0.26653480529785156,0.8170987367630005,0.2774006426334381,0.7232717871665955,0.22855238616466522,0.6634132266044617,0.182052344083786,0.6331934928894043,0.28416213393211365,0.5751079320907593,0.29499807953834534,0.4493164122104645,0.3041497468948364,0.36648860573768616,0.3138483762741089,0.29287564754486084,0.2381727695465088,0.5625958442687988,0.2289465367794037,0.4205167889595032,0.21569715440273285,0.3231044113636017,0.20699730515480042,0.2363373041152954,0.19959653913974762,0.5897833108901978,0.17409367859363556,0.5246221423149109,0.1867174655199051,0.6036524176597595,0.20419137179851532,0.6585150957107544,0.16736535727977753,0.642758309841156,0.1486346423625946,0.6200567483901978,0.16244715452194214,0.6757761836051941,0.18043242394924164,0.7135161757469177
0.3304383158683777,0.7690989971160889,0.3746253252029419,0.7376628518104553,0.4009172022342682,0.6611772775650024,0.37171465158462524,0.5953013896942139,0.3363801836967468,0.5606333613395691,0.41101861000061035,0.5401420593261719,0.4341765344142914,0.4413454532623291,0.44914835691452026,0.3768472969532013,0.4629170596599579,0.3220069706439972,0.3734841048717499,0.5242677330970764,0.3773534297943115,0.40914204716682434,0.3799016773700714,0.32934099435806274,0.3836749494075775,0.26291465759277344,0.33839860558509827,0.5420641303062439,0.33386075496673584,0.4749257564544678,0.33837828040122986,0.5442227721214294,0.3417327105998993,0.5955876111984253,0.3054879903793335,0.5818915963172913,0.30388718843460083,0.538877010345459,0.3113306760787964,0.5910211205482483,0.3157022297382355,0.6332316398620605
0.2908935248851776,0.7909740209579468,0.330183744430542,0.7472839951515198,0.348791241645813,0.6660736203193665,0.3138628304004669,0.6040743589401245,0.277781218290329,0.5705658793449402,0.3585842549800873,0.5418481826782227,0.3786527216434479,0.4296177923679352,0.39138948917388916,0.356379896402359,0.402807354927063,0.2933855652809143,0.3189871311187744,0.5264025926589966,0.31928104162216187,0.3963235914707184,0.3157215118408203,0.30944201350212097,0.3152279853820801,0.23746836185455322,0.2845028042793274,0.5476927757263184,0.27078235149383545,0.478512167930603,0.27534374594688416,0.5427660942077637,0.28302085399627686,0.5927896499633789,0.2547159194946289,0.5916447043418884,0.24394488334655762,0.5645261406898499,0.25282734632492065,0.6101825833320618,0.2644653916358948,0.6460174918174744
0.30105826258659363,0.7901889085769653,0.3434475362300873,0.7447372674942017,0.36424076557159424,0.6623179912567139,0.3294755220413208,0.5993314385414124,0.2922155261039734,0.5659497380256653,0.3728123605251312,0.5352519750595093,0.3927956819534302,0.4265460968017578,0.4043312966823578,0.3550841212272644,0.41507259011268616,0.29425880312919617,0.3334331512451172,0.5223379135131836,0.33254191279411316,0.3987251818180084,0.3298459053039551,0.3127375543117523,0.3298964500427246,0.24164092540740967,0.2994449734687805,0.5443685054779053,0.28348854184150696,0.48040300607681274,0.2890129089355469,0.5444002151489258,0.29737645387649536,0.5950871706008911,0.26992928981781006,0.5885134935379028,0.2563452422618866,0.5577111840248108,0.2651151716709137,0.6050584316253662,0.27661532163619995,0.643940269947052
0.32536056637763977,0.7744994759559631,0.36810463666915894,0.748279333114624,0.3956022262573242,0.6691092252731323,0.3659462332725525,0.601283848285675,0.32953453063964844,0.5658162832260132,0.40500566363334656,0.5444642305374146,0.42795228958129883,0.44161859154701233,0.44272080063819885,0.37636932730674744,0.4562150835990906,0.31924158334732056,0.3668946623802185,0.5285071730613708,0.37180599570274353,0.41037416458129883,0.37311437726020813,0.3277684152126312,0.3744465410709381,0.2571220397949219,0.33194613456726074,0.5463204979896545,0.3250410854816437,0.47041216492652893,0.3301547169685364,0.536649763584137,0.3338482975959778,0.5900712013244629,0.29974886775016785,0.5867705345153809,0.29739758372306824,0.5494770407676697,0.3051396310329437,0.6095735430717468,0.31069216132164,0.6594372987747192
0.2302696853876114,0.8645763993263245,0.27015411853790283,0.8093221783638,0.2820202708244324,0.7162701487541199,0.23286625742912292,0.6577121615409851,0.18692363798618317,0.6280226111412048,0.28895583748817444,0.5691945552825928,0.29980340600013733,0.448091059923172,0.30966809391975403,0.3675007224082947,0.3197563588619232,0.29581689834594727,0.24313682317733765,0.5565823316574097,0.233223557472229,0.4170439839363098,0.22091737389564514,0.32094112038612366,0.21334868669509888,0.23455646634101868,0.20484842360019684,0.5838245749473572,0.17951692640781403,0.5205715298652649,0.1920270472764969,0.5954799652099609,0.209603413939476,0.6479341983795166,0.17255377769470215,0.6368277668952942,0.15457916259765625,0.6170315146446228,0.16745410859584808,0.6708465814590454,0.18442392349243164,0.7077286243438721
0.354477196931839,0.7646363377571106,0.39968717098236084,0.7390074729919434,0.4287182688713074,0.6582047343254089,0.40634721517562866,0.5847764611244202,0.3740086257457733,0.5475302338600159,0.4411054253578186,0.5475646257400513,0.46693843603134155,0.44972047209739685,0.48347997665405273,0.3881802558898926,0.49741047620773315,0.33349794149398804,0.40493717789649963,0.5281034111976624,0.4110303223133087,0.41805973649024963,0.412793904542923,0.3416750431060791,0.41399142146110535,0.2743995487689972,0.3703896403312683,0.540668785572052,0.3672455847263336,0.46593159437179565,0.36777323484420776,0.5448779463768005,0.36907830834388733,0.5987051129341125,0.338093101978302,0.5769073367118835,0.33736318349838257,0.5369952321052551,0.34105193614959717,0.5985399484634399,0.345630943775177,0.6428824663162231
0.3067386746406555,0.7883694171905518,0.3486148715019226,0.755500853061676,0.3749401271343231,0.6738114356994629,0.3439428210258484,0.6084742546081543,0.3052183985710144,0.5768534541130066,0.3828566372394562,0.5458927750587463,0.4056047201156616,0.4396452307701111,0.4203510582447052,0.37087830901145935,0.4344615042209625,0.31210294365882874,0.34380659461021423,0.5297527313232422,0.34690943360328674,0.40933647751808167,0.345324844121933,0.32373979687690735,0.3461644947528839,0.2495965212583542,0.30920371413230896,0.5491709113121033,0.29678356647491455,0.4884805381298065,0.300646036863327,0.5592389106750488,0.30750709772109985,0.6115857362747192,0.27794837951660156,0.5919498801231384,0.26943618059158325,0.5619610548019409,0.27650317549705505,0.6125211119651794,0.2849682569503784,0.6525876522064209
0.24620972573757172,0.8519845604896545,0.28623318672180176,0.7979087233543396,0.30381983518600464,0.7085673213005066,0.257904589176178,0.6459804773330688,0.21323493123054504,0.6117690205574036,0.30811846256256104,0.5668323040008545,0.32298874855041504,0.44140616059303284,0.33510205149650574,0.3593091666698456,0.3486156463623047,0.28760719299316406,0.26424041390419006,0.5537288784980774,0.2549978196620941,0.4088453948497772,0.24435225129127502,0.3144528269767761,0.2390204668045044,0.23288574814796448,0.22806012630462646,0.5787498354911804,0.20246070623397827,0.5183362364768982,0.21376213431358337,0.5979124307632446,0.22982481122016907,0.6507323384284973,0.196687251329422,0.6273193359375,0.17684341967105865,0.603808581829071,0.190557599067688,0.6595064997673035,0.2084820568561554,0.6965237855911255
0.23465342819690704,0.8620010018348694,0.2737259268760681,0.803428053855896,0.28751039505004883,0.7110601663589478,0.2395380437374115,0.6505994200706482,0.19390399754047394,0.6202831268310547,0.29304608702659607,0.5691812038421631,0.3069896101951599,0.4450584948062897,0.31639331579208374,0.3616948127746582,0.327282577753067,0.28895798325538635,0.24832110106945038,0.5577452182769775,0.23801641166210175,0.4172672927379608,0.22650744020938873,0.32112905383110046,0.22172434628009796,0.23639780282974243,0.2110467106103897,0.5835676193237305,0.18598200380802155,0.5278435349464417,0.19779779016971588,0.6063722372055054,0.2154650241136551,0.6567979454994202,0.1790492981672287,0.6321413516998291,0.15836961567401886,0.6102249622344971,0.17257724702358246,0.6672269105911255,0.19170312583446503,0.7046644687652588
0.31986910104751587,0.7748075723648071,0.36318692564964294,0.7487711310386658,0.38983485102653503,0.671914279460907,0.3607207238674164,0.6074167490005493,0.3235975205898285,0.5729460120201111,0.39783304929733276,0.5437769889831543,0.4217616021633148,0.44150790572166443,0.4377513825893402,0.3752240836620331,0.45170050859451294,0.3182525634765625,0.35906580090522766,0.5277963876724243,0.3618848919868469,0.4099971652030945,0.364515483379364,0.3272289037704468,0.3680190145969391,0.2556079030036926,0.32331719994544983,0.5459979176521301,0.3166704475879669,0.48494192957878113,0.32292282581329346,0.55850750207901,0.32772883772850037,0.6099281907081604,0.29068854451179504,0.5870257019996643,0.2884705066680908,0.5533161163330078,0.298176646232605,0.6070353984832764,0.3043520748615265,0.6476144194602966
0.3570255637168884,0.7645125389099121,0.4017128050327301,0.7375146746635437,0.4303564429283142,0.6574575901031494,0.40753576159477234,0.5841096043586731,0.3758942186832428,0.5420622229576111,0.4434989094734192,0.5493125915527344,0.46999266743659973,0.45145463943481445,0.48606109619140625,0.3895670771598816,0.499941349029541,0.3340323865413666,0.40731629729270935,0.5286946296691895,0.41348010301589966,0.4178865849971771,0.4150238037109375,0.3427349627017975,0.4165920913219452,0.2766266465187073,0.3731643557548523,0.5404950976371765,0.3702457547187805,0.4649962782859802,0.3706734776496887,0.5446998476982117,0.37226977944374084,0.5984714031219482,0.34159427881240845,0.576423704624176,0.3396843373775482,0.5357784032821655,0.3436984121799469,0.5973085165023804,0.34900903701782227,0.641349732875824
0.25343838334083557,0.8287568092346191,0.29226920008659363,0.7744715213775635,0.30689525604248047,0.6812242269515991,0.2627788484096527,0.6183313131332397,0.2206851989030838,0.5853328108787537,0.313819944858551,0.5456103682518005,0.33042266964912415,0.4211530387401581,0.3434920012950897,0.3420500159263611,0.3568516671657562,0.27530187368392944,0.2705817222595215,0.5339460968971252,0.26552343368530273,0.3903626799583435,0.25929880142211914,0.29757076501846313,0.2573856711387634,0.21932044625282288,0.23446498811244965,0.5604745745658875,0.21291448175907135,0.4968501031398773,0.22300636768341064,0.5760951042175293,0.23736155033111572,0.6287534832954407,0.20323370397090912,0.6102497577667236,0.18642723560333252,0.5855548977851868,0.19931946694850922,0.6396631002426147,0.21565717458724976,0.6755436062812805
0.3152019679546356,0.8352644443511963,0.35829678177833557,0.8090587258338928,0.38224950432777405,0.7304555773735046,0.34667542576789856,0.6641967296600342,0.30686789751052856,0.6240472793579102,0.38947418332099915,0.5966366529464722,0.4117443263530731,0.4886028468608856,0.4269132614135742,0.4184657633304596,0.44095876812934875,0.3570041358470917,0.348360538482666,0.5782965421676636,0.35458019375801086,0.4486978054046631,0.3569634258747101,0.3597065508365631,0.36002814769744873,0.2828112244606018,0.3115728199481964,0.5974637866020203,0.30042046308517456,0.5267014503479004,0.304475337266922,0.6033961176872253,0.30989885330200195,0.6617496013641357,0.27874937653541565,0.6415956616401672,0.2721678614616394,0.6051019430160522,0.28065216541290283,0.662131667137146,0.28879567980766296,0.7078611254692078
0.35617750883102417,0.7933855652809143,0.40019795298576355,0.7624983191490173,0.4258919060230255,0.6880239844322205,0.4009970426559448,0.6152058243751526,0.3687750995159149,0.5713768005371094,0.4388217628002167,0.5706455707550049,0.4651395082473755,0.4740244150161743,0.4810302257537842,0.4141545593738556,0.494937926530838,0.3617267608642578,0.40244534611701965,0.5509294867515564,0.40927812457084656,0.43639469146728516,0.41167929768562317,0.36006227135658264,0.41455525159835815,0.29562047123908997,0.3678009510040283,0.5660008788108826,0.3641809821128845,0.49595290422439575,0.3645714223384857,0.5698057413101196,0.3660854995250702,0.6225403547286987,0.33586204051971436,0.604814887046814,0.33333620429039,0.5625433921813965,0.33770936727523804,0.6184278130531311,0.34253114461898804,0.6613199710845947
0.34909215569496155,0.8031316995620728,0.39306584000587463,0.7731626033782959,0.4188813865184784,0.6969214081764221,0.3929302394390106,0.6267527937889099,0.360513836145401,0.5858854055404663,0.4330006539821625,0.5731716156005859,0.4576666057109833,0.472535103559494,0.47313299775123596,0.4104769825935364,0.487060546875,0.3557347357273102,0.39606934785842896,0.5547370910644531,0.40370073914527893,0.4394789934158325,0.4059933125972748,0.3587982952594757,0.4079585075378418,0.2889242172241211,0.36120063066482544,0.5708691477775574,0.3529979884624481,0.4988797903060913,0.35442933440208435,0.5748252868652344,0.3572849631309509,0.6311023235321045,0.32902762293815613,0.6113564968109131,0.3236059844493866,0.5713143944740295,0.32914450764656067,0.6273605227470398,0.33472341299057007,0.6708723902702332
0.30980029702186584,0.8415553569793701,0.3529142141342163,0.8139565587043762,0.37673911452293396,0.7363520860671997,0.34178870916366577,0.6701349020004272,0.30230194330215454,0.6303632259368896,0.38280177116394043,0.5983923673629761,0.40562742948532104,0.49159377813339233,0.4209354519844055,0.42212313413619995,0.4354075789451599,0.36016398668289185,0.3420359492301941,0.5786653161048889,0.3488806486129761,0.4501131772994995,0.3513420820236206,0.3606296181678772,0.35457533597946167,0.2830049693584442,0.3054581582546234,0.5977323055267334,0.2932600677013397,0.5294367074966431,0.29610833525657654,0.6097685694694519,0.30123430490493774,0.6701827049255371,0.27203208208084106,0.6422318816184998,0.262148380279541,0.6078931093215942,0.2705802619457245,0.6648187637329102,0.2801888585090637,0.7098042964935303
0.25430822372436523,0.8281790614128113,0.29268679022789,0.7757527232170105,0.3084816336631775,0.6829315423965454,0.265439510345459,0.6196439862251282,0.22219298779964447,0.5885417461395264,0.3153182566165924,0.5452744364738464,0.3323865234851837,0.423252671957016,0.3452647924423218,0.34444883465766907,0.3585050404071808,0.2779911458492279,0.27245616912841797,0.5333737730979919,0.2684690058231354,0.3928636610507965,0.262302428483963,0.30065691471099854,0.26023951172828674,0.2236827164888382,0.2362581193447113,0.5596123337745667,0.21546196937561035,0.4985261559486389,0.2256186604499817,0.5792614221572876,0.23938970267772675,0.6330359578132629,0.20457753539085388,0.6097988486289978,0.1884816437959671,0.5828654766082764,0.2017197608947754,0.6405907273292542,0.21752884984016418,0.6800662875175476
0.3611711859703064,0.786331057548523,0.40592968463897705,0.7587003707885742,0.43312373757362366,0.6825820803642273,0.4085354804992676,0.6093549728393555,0.3767421543598175,0.5667720437049866,0.4452234208583832,0.57326740026474,0.4726526439189911,0.47477251291275024,0.4890725910663605,0.4134402275085449,0.5032392740249634,0.3596758544445038,0.40906229615211487,0.5518798828125,0.41699981689453125,0.4373900592327118,0.41969844698905945,0.3614092171192169,0.42269837856292725,0.29693344235420227,0.3749946355819702,0.5643560290336609,0.37163403630256653,0.49308332800865173,0.3718450367450714,0.572903573513031,0.3733914792537689,0.6288119554519653,0.34360888600349426,0.6010199785232544,0.3412533700466156,0.5590888261795044,0.3453424274921417,0.6183462142944336,0.34999480843544006,0.6624727845191956
0.3249533176422119,0.8246695399284363,0.36787813901901245,0.7955342531204224,0.3924693465232849,0.7214096784591675,0.3585941195487976,0.6604362726211548,0.3204593360424042,0.6193211674690247,0.39661815762519836,0.5879266262054443,0.4200235605239868,0.4840288460254669,0.43532612919807434,0.41686856746673584,0.44929325580596924,0.358075350522995,0.35684147477149963,0.5716053247451782,0.36155298352241516,0.44697320461273193,0.3646508455276489,0.3594655692577362,0.36877647042274475,0.2835640013217926,0.32065561413764954,0.5912888050079346,0.31012970209121704,0.5271745920181274,0.3150942325592041,0.6023086309432983,0.3208302855491638,0.6571795344352722,0.2875688076019287,0.6340827345848083,0.2808016538619995,0.6067320704460144,0.29101285338401794,0.6615436673164368,0.3005848228931427,0.7016313076019287
0.33192843198776245,0.8201103806495667,0.37449854612350464,0.7892841100692749,0.3976289927959442,0.7142109274864197,0.3649328649044037,0.6495899558067322,0.3286932706832886,0.6085083484649658,0.4054376780986786,0.5868750214576721,0.427522212266922,0.48241886496543884,0.44235673546791077,0.41517725586891174,0.45620208978652954,0.35716378688812256,0.3664088249206543,0.5693932175636292,0.37133514881134033,0.44644060730934143,0.37354809045791626,0.3596158027648926,0.3771402835845947,0.2850324511528015,0.3306034505367279,0.5872942209243774,0.32036033272743225,0.5217447280883789,0.3244459927082062,0.5951100587844849,0.3294886648654938,0.6507450342178345,0.29770156741142273,0.6283509731292725,0.2910816967487335,0.5975674986839294,0.30046194791793823,0.6519318222999573,0.30910077691078186,0.6936354637145996
0.3652535676956177,0.7802899479866028,0.409368634223938,0.7544596195220947,0.4359205961227417,0.6774155497550964,0.4131988286972046,0.6034380197525024,0.38278883695602417,0.5624022483825684,0.4497341215610504,0.5717571973800659,0.47661229968070984,0.47496849298477173,0.49288010597229004,0.4144812822341919,0.5068854093551636,0.3605938255786896,0.4136678874492645,0.5504010319709778,0.42293649911880493,0.4396507441997528,0.42600584030151367,0.3656454384326935,0.4293157458305359,0.30211490392684937,0.37934932112693787,0.5625353455543518,0.37625652551651,0.48544690012931824,0.3759894371032715,0.5595759153366089,0.37722501158714294,0.6143680214881897,0.3480856716632843,0.5994036197662354,0.34777960181236267,0.55473792552948,0.35170117020606995,0.6128191947937012,0.3558928370475769,0.6590671539306641
0.3723655939102173,0.7672366499900818,0.415974497795105,0.7495853304862976,0.4430108964443207,0.6682922840118408,0.42130789160728455,0.5911356210708618,0.3869439363479614,0.5580210089683533,0.4562598466873169,0.5676654577255249,0.48354679346084595,0.47244036197662354,0.5000253915786743,0.4139591157436371,0.5135821104049683,0.3604804575443268,0.4220912754535675,0.5438737869262695,0.4324703514575958,0.4393714666366577,0.43617382645606995,0.36797860264778137,0.4388911724090576,0.3058755397796631,0.3892822265625,0.5524693131446838,0.386989951133728,0.4743351936340332,0.3858611583709717,0.5452785491943359,0.3855441212654114,0.5973000526428223,0.3584308624267578,0.5853762626647949,0.35787689685821533,0.5481175780296326,0.36160123348236084,0.6080043315887451,0.3651500344276428,0.654695451259613
0.30560147762298584,0.8405562043190002,0.34918519854545593,0.8157045841217041,0.3724557161331177,0.7380683422088623,0.33705490827560425,0.6732417941093445,0.29699328541755676,0.6329265832901001,0.379331111907959,0.6016979813575745,0.401829332113266,0.49333178997039795,0.41744887828826904,0.42392659187316895,0.43232038617134094,0.361217737197876,0.3377853333950043,0.5808110237121582,0.34369826316833496,0.4513641893863678,0.3461865484714508,0.3622358441352844,0.3495500981807709,0.28456616401672363,0.3001379668712616,0.5979310870170593,0.2875390648841858,0.5301215648651123,0.29100438952445984,0.6185414791107178,0.2971208393573761,0.6805819869041443,0.2663726508617401,0.6409685015678406,0.2563677132129669,0.6157136559486389,0.26563045382499695,0.6782413125038147,0.2764371335506439,0.7214541435241699
0.30030152201652527,0.8413072228431702,0.3440838158130646,0.8198097944259644,0.3696087896823883,0.7439672946929932,0.3339548408985138,0.676777720451355,0.29160723090171814,0.6346206068992615,0.37417492270469666,0.6040633320808411,0.3971324563026428,0.49314242601394653,0.41248562932014465,0.42223820090293884,0.42730116844177246,0.35703280568122864,0.3329380750656128,0.5821260809898376,0.33914533257484436,0.4506954550743103,0.3407262861728668,0.36045873165130615,0.3430957496166229,0.2789665758609772,0.2962237298488617,0.5988827347755432,0.2813556492328644,0.5323286652565002,0.2855682969093323,0.6190820932388306,0.29253795742988586,0.6805242300033569,0.2630418837070465,0.6424726843833923,0.25232309103012085,0.6148602366447449,0.26157939434051514,0.6764631867408752,0.27236172556877136,0.721220076084137
0.37230184674263,0.7668946981430054,0.4150286912918091,0.7454981207847595,0.44246500730514526,0.6671488881111145,0.41943809390068054,0.5905495882034302,0.3849192261695862,0.5573761463165283,0.45647764205932617,0.5682610869407654,0.483835905790329,0.4734530448913574,0.5002140402793884,0.4149992763996124,0.5143006443977356,0.36184948682785034,0.42212751507759094,0.5453761219978333,0.4326077401638031,0.43977436423301697,0.43630123138427734,0.36887362599372864,0.43899840116500854,0.30664390325546265,0.3894897997379303,0.5548916459083557,0.3873172402381897,0.47991707921028137,0.38649436831474304,0.5513363480567932,0.38599351048469543,0.6028537750244141,0.3589615523815155,0.5885500907897949,0.3581382632255554,0.5480683445930481,0.361003041267395,0.607753336429596,0.36329466104507446,0.6541211009025574
0.29935798048973083,0.8516507744789124,0.34280335903167725,0.8279398679733276,0.368058443069458,0.7477306127548218,0.33229437470436096,0.6797475814819336,0.2890284061431885,0.6359451413154602,0.3711005449295044,0.6024704575538635,0.39320865273475647,0.49226924777030945,0.40817198157310486,0.42183637619018555,0.42201465368270874,0.3562793433666229,0.3293677866458893,0.5816914439201355,0.33456090092658997,0.4493587911128998,0.336317241191864,0.36085280776023865,0.33800891041755676,0.2804754972457886,0.2923792898654938,0.6012125611305237,0.27690768241882324,0.5331797003746033,0.283160537481308,0.625696063041687,0.29089027643203735,0.689565122127533,0.25894132256507874,0.6481294631958008,0.24761760234832764,0.6196686029434204,0.2584976553916931,0.6841830611228943,0.2702590227127075,0.728935956954956
0.3681912422180176,0.77437424659729,0.4140656292438507,0.7524580359458923,0.43958935141563416,0.6729386448860168,0.41782891750335693,0.5970502495765686,0.3866584599018097,0.5605361461639404,0.45308685302734375,0.571243941783905,0.48040011525154114,0.474770188331604,0.496707558631897,0.41447874903678894,0.5103257298469543,0.36018311977386475,0.41732868552207947,0.5495749115943909,0.42754796147346497,0.4412672519683838,0.4307570457458496,0.3681757152080536,0.43338677287101746,0.30555108189582825,0.3836940824985504,0.5598558783531189,0.3804643750190735,0.4804508686065674,0.38107672333717346,0.5518747568130493,0.38279008865356445,0.6054320335388184,0.3524031639099121,0.5946696400642395,0.35283103585243225,0.5504130125045776,0.35743454098701477,0.6085759401321411,0.3619767129421234,0.6560849547386169
0.3280341625213623,0.7752995491027832,0.3715303838253021,0.7446610331535339,0.3969738185405731,0.6675845980644226,0.36695557832717896,0.6027928590774536,0.33166733384132385,0.5679146647453308,0.40646621584892273,0.544890820980072,0.42936450242996216,0.44415053725242615,0.44394418597221375,0.3794100880622864,0.4575187563896179,0.32378455996513367,0.36923012137413025,0.5296016335487366,0.3733932673931122,0.41205140948295593,0.3767029345035553,0.33199256658554077,0.38080254197120667,0.26250389218330383,0.3347444236278534,0.5477015972137451,0.327437162399292,0.4803091287612915,0.331969290971756,0.5538955926895142,0.3361338973045349,0.6057546138763428,0.30251064896583557,0.5882542729377747,0.2984091341495514,0.5473795533180237,0.3057040274143219,0.6035615801811218,0.3110010325908661,0.6468917727470398
0.31963443756103516,0.7737599015235901,0.362398624420166,0.7465790510177612,0.3888353109359741,0.6693626046180725,0.35875630378723145,0.605522096157074,0.32161563634872437,0.5723808407783508,0.3955661654472351,0.5444777011871338,0.41793113946914673,0.4416239261627197,0.4329219460487366,0.37596553564071655,0.44663888216018677,0.3208848834037781,0.3572351932525635,0.5282864570617676,0.3621949255466461,0.4101082980632782,0.36503666639328003,0.3275720477104187,0.36806267499923706,0.2581096589565277,0.32264599204063416,0.5460780262947083,0.31365320086479187,0.4776952266693115,0.31854647397994995,0.5458390116691589,0.3230098485946655,0.5985735654830933,0.29112473130226135,0.5870760083198547,0.2869336009025574,0.5520272850990295,0.2954317331314087,0.6067856550216675,0.3017020523548126,0.6517338752746582
0.37151530385017395,0.7724134922027588,0.41471993923187256,0.7487964630126953,0.4413435459136963,0.6696949005126953,0.4176168143749237,0.5937500596046448,0.38489383459091187,0.55693119764328,0.4559331238269806,0.5683777928352356,0.4829523265361786,0.47306421399116516,0.4990764558315277,0.41371864080429077,0.5129737854003906,0.3599245250225067,0.42070600390434265,0.5461667776107788,0.43002891540527344,0.4393967092037201,0.43323880434036255,0.36694496870040894,0.43625345826148987,0.3047046959400177,0.3871482312679291,0.5566920638084412,0.38485682010650635,0.48281827569007874,0.3838387429714203,0.5575714707374573,0.3838096559047699,0.6122650504112244,0.3562404215335846,0.5912337303161621,0.35627618432044983,0.5496517419815063,0.35963568091392517,0.6084151864051819,0.36284205317497253,0.6548829674720764
0.2974702715873718,0.8439581990242004,0.3407353460788727,0.8230487704277039,0.3668663799762726,0.7467166781425476,0.3335592746734619,0.6808061003684998,0.29144176840782166,0.6372732520103455,0.37240567803382874,0.6038095355033875,0.3946608006954193,0.4931280314922333,0.4096590578556061,0.4226142168045044,0.4237101972103119,0.356990247964859,0.33090877532958984,0.5813668966293335,0.33642223477363586,0.44852396845817566,0.3378724455833435,0.35952258110046387,0.3396422266960144,0.27862003445625305,0.2938072979450226,0.5988001227378845,0.27905815839767456,0.531776487827301,0.283983439207077,0.6233128309249878,0.29120177030563354,0.6866894960403442,0.26003918051719666,0.6438977718353271,0.24898938834667206,0.6201398372650146,0.25947853922843933,0.6865251660346985,0.2717244625091553,0.7317859530448914
